datetime_beginning_utc,datetime_beginning_ept,pnode_id,pnode_name,voltage,equipment,type,zone,system_energy_price_rt,total_lmp_rt,congestion_price_rt,marginal_loss_price_rt
7/28/2019 12:00:00 AM,7/27/2019 8:00:00 PM,1,PJM-RTO,,,ZONE,,65.420000,65.450559,-0.009446,0.040004
7/28/2019 12:05:00 AM,7/27/2019 8:05:00 PM,1,PJM-RTO,,,ZONE,,29.720000,29.736609,0.000000,0.016609
7/28/2019 12:10:00 AM,7/27/2019 8:10:00 PM,1,PJM-RTO,,,ZONE,,27.550000,27.573208,0.001793,0.021415
7/28/2019 12:15:00 AM,7/27/2019 8:15:00 PM,1,PJM-RTO,,,ZONE,,26.320000,26.337983,0.000000,0.017983
7/28/2019 12:20:00 AM,7/27/2019 8:20:00 PM,1,PJM-RTO,,,ZONE,,26.360000,26.384509,0.002880,0.021629
7/28/2019 12:25:00 AM,7/27/2019 8:25:00 PM,1,PJM-RTO,,,ZONE,,25.660000,25.676103,0.000438,0.015665
7/28/2019 12:30:00 AM,7/27/2019 8:30:00 PM,1,PJM-RTO,,,ZONE,,26.070000,26.087827,0.004031,0.013795
7/28/2019 12:35:00 AM,7/27/2019 8:35:00 PM,1,PJM-RTO,,,ZONE,,25.850000,25.872017,0.000000,0.022017
7/28/2019 12:40:00 AM,7/27/2019 8:40:00 PM,1,PJM-RTO,,,ZONE,,24.890000,24.909121,0.000320,0.018800
7/28/2019 12:45:00 AM,7/27/2019 8:45:00 PM,1,PJM-RTO,,,ZONE,,26.740000,26.766337,0.003706,0.022631
7/28/2019 12:50:00 AM,7/27/2019 8:50:00 PM,1,PJM-RTO,,,ZONE,,26.530000,26.554793,0.000000,0.024793
7/28/2019 12:55:00 AM,7/27/2019 8:55:00 PM,1,PJM-RTO,,,ZONE,,27.270000,27.288702,0.000000,0.018702
7/28/2019 1:00:00 AM,7/27/2019 9:00:00 PM,1,PJM-RTO,,,ZONE,,27.870000,27.889026,0.000000,0.019026
7/28/2019 1:05:00 AM,7/27/2019 9:05:00 PM,1,PJM-RTO,,,ZONE,,28.850000,28.869269,0.000000,0.019269
7/28/2019 1:10:00 AM,7/27/2019 9:10:00 PM,1,PJM-RTO,,,ZONE,,27.930000,27.952837,0.000000,0.022837
7/28/2019 1:15:00 AM,7/27/2019 9:15:00 PM,1,PJM-RTO,,,ZONE,,27.900000,27.923978,0.000000,0.023978
7/28/2019 1:20:00 AM,7/27/2019 9:20:00 PM,1,PJM-RTO,,,ZONE,,27.180000,27.200244,0.003602,0.016641
7/28/2019 1:25:00 AM,7/27/2019 9:25:00 PM,1,PJM-RTO,,,ZONE,,26.030000,26.051055,0.003860,0.017195
7/28/2019 1:30:00 AM,7/27/2019 9:30:00 PM,1,PJM-RTO,,,ZONE,,25.880000,25.914437,0.011152,0.023284
7/28/2019 1:35:00 AM,7/27/2019 9:35:00 PM,1,PJM-RTO,,,ZONE,,23.440000,23.454866,0.001020,0.013847
7/28/2019 1:40:00 AM,7/27/2019 9:40:00 PM,1,PJM-RTO,,,ZONE,,23.820000,23.842561,0.000431,0.022130
7/28/2019 1:45:00 AM,7/27/2019 9:45:00 PM,1,PJM-RTO,,,ZONE,,24.000000,24.021948,0.002633,0.019316
7/28/2019 1:50:00 AM,7/27/2019 9:50:00 PM,1,PJM-RTO,,,ZONE,,24.310000,24.330691,0.001321,0.019370
7/28/2019 1:55:00 AM,7/27/2019 9:55:00 PM,1,PJM-RTO,,,ZONE,,23.660000,23.686967,0.007578,0.019390
7/28/2019 2:00:00 AM,7/27/2019 10:00:00 PM,1,PJM-RTO,,,ZONE,,23.140000,23.168619,0.014248,0.014371
7/28/2019 2:05:00 AM,7/27/2019 10:05:00 PM,1,PJM-RTO,,,ZONE,,23.610000,23.641651,0.009213,0.022438
7/28/2019 2:10:00 AM,7/27/2019 10:10:00 PM,1,PJM-RTO,,,ZONE,,23.190000,23.215227,0.009823,0.015404
7/28/2019 2:15:00 AM,7/27/2019 10:15:00 PM,1,PJM-RTO,,,ZONE,,23.010000,23.036017,0.011553,0.014465
7/28/2019 2:20:00 AM,7/27/2019 10:20:00 PM,1,PJM-RTO,,,ZONE,,25.460000,25.501945,0.024700,0.017245
7/28/2019 2:25:00 AM,7/27/2019 10:25:00 PM,1,PJM-RTO,,,ZONE,,23.320000,23.362388,0.022183,0.020205
7/28/2019 2:30:00 AM,7/27/2019 10:30:00 PM,1,PJM-RTO,,,ZONE,,22.800000,22.823537,0.010279,0.013258
7/28/2019 2:35:00 AM,7/27/2019 10:35:00 PM,1,PJM-RTO,,,ZONE,,21.370000,21.397025,0.011380,0.015645
7/28/2019 2:40:00 AM,7/27/2019 10:40:00 PM,1,PJM-RTO,,,ZONE,,21.660000,21.689895,0.013202,0.016693
7/28/2019 2:45:00 AM,7/27/2019 10:45:00 PM,1,PJM-RTO,,,ZONE,,22.310000,22.337454,0.011267,0.016187
7/28/2019 2:50:00 AM,7/27/2019 10:50:00 PM,1,PJM-RTO,,,ZONE,,22.000000,22.022249,0.007971,0.014278
7/28/2019 2:55:00 AM,7/27/2019 10:55:00 PM,1,PJM-RTO,,,ZONE,,22.050000,22.078459,0.008247,0.020212
7/28/2019 3:00:00 AM,7/27/2019 11:00:00 PM,1,PJM-RTO,,,ZONE,,20.540000,20.560308,0.004443,0.015865
7/28/2019 3:05:00 AM,7/27/2019 11:05:00 PM,1,PJM-RTO,,,ZONE,,20.880000,20.900908,0.005335,0.015573
7/28/2019 3:10:00 AM,7/27/2019 11:10:00 PM,1,PJM-RTO,,,ZONE,,21.350000,21.371053,0.006405,0.014648
7/28/2019 3:15:00 AM,7/27/2019 11:15:00 PM,1,PJM-RTO,,,ZONE,,21.120000,21.137834,0.004016,0.013818
7/28/2019 3:20:00 AM,7/27/2019 11:20:00 PM,1,PJM-RTO,,,ZONE,,21.390000,21.403919,0.000000,0.013919
7/28/2019 3:25:00 AM,7/27/2019 11:25:00 PM,1,PJM-RTO,,,ZONE,,19.670000,19.683019,0.000098,0.012921
7/28/2019 3:30:00 AM,7/27/2019 11:30:00 PM,1,PJM-RTO,,,ZONE,,20.320000,20.335164,0.006034,0.009130
7/28/2019 3:35:00 AM,7/27/2019 11:35:00 PM,1,PJM-RTO,,,ZONE,,20.590000,20.602881,0.003126,0.009755
7/28/2019 3:40:00 AM,7/27/2019 11:40:00 PM,1,PJM-RTO,,,ZONE,,19.280000,19.300560,0.001285,0.019275
7/28/2019 3:45:00 AM,7/27/2019 11:45:00 PM,1,PJM-RTO,,,ZONE,,20.070000,20.084749,-0.001945,0.016694
7/28/2019 3:50:00 AM,7/27/2019 11:50:00 PM,1,PJM-RTO,,,ZONE,,21.090000,21.103570,-0.001947,0.015518
7/28/2019 3:55:00 AM,7/27/2019 11:55:00 PM,1,PJM-RTO,,,ZONE,,19.400000,19.413163,0.001210,0.011953
7/28/2019 4:00:00 AM,7/28/2019 12:00:00 AM,1,PJM-RTO,,,ZONE,,20.020000,20.036899,0.001059,0.015840
7/28/2019 4:05:00 AM,7/28/2019 12:05:00 AM,1,PJM-RTO,,,ZONE,,19.890000,19.907559,0.001226,0.016333
7/28/2019 4:10:00 AM,7/28/2019 12:10:00 AM,1,PJM-RTO,,,ZONE,,20.700000,20.715548,-0.001518,0.017067
7/28/2019 4:15:00 AM,7/28/2019 12:15:00 AM,1,PJM-RTO,,,ZONE,,21.100000,21.109899,-0.001929,0.011828
7/28/2019 4:20:00 AM,7/28/2019 12:20:00 AM,1,PJM-RTO,,,ZONE,,19.920000,19.932175,0.000000,0.012175
7/28/2019 4:25:00 AM,7/28/2019 12:25:00 AM,1,PJM-RTO,,,ZONE,,17.970000,17.984090,-0.002025,0.016115
7/28/2019 4:30:00 AM,7/28/2019 12:30:00 AM,1,PJM-RTO,,,ZONE,,17.420000,17.435264,0.000000,0.015264
7/28/2019 4:35:00 AM,7/28/2019 12:35:00 AM,1,PJM-RTO,,,ZONE,,17.600000,17.609458,0.000000,0.009458
7/28/2019 4:40:00 AM,7/28/2019 12:40:00 AM,1,PJM-RTO,,,ZONE,,18.440000,18.455477,0.000000,0.015477
7/28/2019 4:45:00 AM,7/28/2019 12:45:00 AM,1,PJM-RTO,,,ZONE,,19.100000,19.115935,0.000000,0.015935
7/28/2019 4:50:00 AM,7/28/2019 12:50:00 AM,1,PJM-RTO,,,ZONE,,19.560000,19.577564,0.000000,0.017564
7/28/2019 4:55:00 AM,7/28/2019 12:55:00 AM,1,PJM-RTO,,,ZONE,,18.390000,18.407792,0.000000,0.017792
7/28/2019 5:00:00 AM,7/28/2019 1:00:00 AM,1,PJM-RTO,,,ZONE,,18.040000,18.050050,0.000000,0.010050
7/28/2019 5:05:00 AM,7/28/2019 1:05:00 AM,1,PJM-RTO,,,ZONE,,18.490000,18.503838,0.000000,0.013838
7/28/2019 5:10:00 AM,7/28/2019 1:10:00 AM,1,PJM-RTO,,,ZONE,,18.510000,18.525045,0.000000,0.015045
7/28/2019 5:15:00 AM,7/28/2019 1:15:00 AM,1,PJM-RTO,,,ZONE,,19.030000,19.041532,0.000000,0.011532
7/28/2019 5:20:00 AM,7/28/2019 1:20:00 AM,1,PJM-RTO,,,ZONE,,19.570000,19.585702,0.000000,0.015702
7/28/2019 5:25:00 AM,7/28/2019 1:25:00 AM,1,PJM-RTO,,,ZONE,,21.000000,21.011961,0.000000,0.011961
7/28/2019 5:30:00 AM,7/28/2019 1:30:00 AM,1,PJM-RTO,,,ZONE,,19.320000,19.335206,0.000000,0.015206
7/28/2019 5:35:00 AM,7/28/2019 1:35:00 AM,1,PJM-RTO,,,ZONE,,18.960000,18.979391,0.000000,0.019391
7/28/2019 5:40:00 AM,7/28/2019 1:40:00 AM,1,PJM-RTO,,,ZONE,,19.090000,19.102165,0.000000,0.012165
7/28/2019 5:45:00 AM,7/28/2019 1:45:00 AM,1,PJM-RTO,,,ZONE,,17.920000,17.936604,0.000000,0.016604
7/28/2019 5:50:00 AM,7/28/2019 1:50:00 AM,1,PJM-RTO,,,ZONE,,17.970000,17.980691,0.000000,0.010691
7/28/2019 5:55:00 AM,7/28/2019 1:55:00 AM,1,PJM-RTO,,,ZONE,,17.740000,17.753958,0.000000,0.013958
7/28/2019 6:00:00 AM,7/28/2019 2:00:00 AM,1,PJM-RTO,,,ZONE,,17.930000,17.940133,0.000000,0.010133
7/28/2019 6:05:00 AM,7/28/2019 2:05:00 AM,1,PJM-RTO,,,ZONE,,18.230000,18.245847,0.000000,0.015847
7/28/2019 6:10:00 AM,7/28/2019 2:10:00 AM,1,PJM-RTO,,,ZONE,,19.010000,19.024362,0.000000,0.014362
7/28/2019 6:15:00 AM,7/28/2019 2:15:00 AM,1,PJM-RTO,,,ZONE,,19.280000,19.295025,0.000000,0.015025
7/28/2019 6:20:00 AM,7/28/2019 2:20:00 AM,1,PJM-RTO,,,ZONE,,18.970000,18.985074,0.000000,0.015074
7/28/2019 6:25:00 AM,7/28/2019 2:25:00 AM,1,PJM-RTO,,,ZONE,,17.200000,17.211896,0.000000,0.011896
7/28/2019 6:30:00 AM,7/28/2019 2:30:00 AM,1,PJM-RTO,,,ZONE,,17.540000,17.550187,0.000000,0.010187
7/28/2019 6:35:00 AM,7/28/2019 2:35:00 AM,1,PJM-RTO,,,ZONE,,17.760000,17.772679,0.000000,0.012679
7/28/2019 6:40:00 AM,7/28/2019 2:40:00 AM,1,PJM-RTO,,,ZONE,,17.760000,17.772679,0.000000,0.012679
7/28/2019 6:45:00 AM,7/28/2019 2:45:00 AM,1,PJM-RTO,,,ZONE,,17.740000,17.751546,0.000000,0.011546
7/28/2019 6:50:00 AM,7/28/2019 2:50:00 AM,1,PJM-RTO,,,ZONE,,16.780000,16.789915,0.000000,0.009915
7/28/2019 6:55:00 AM,7/28/2019 2:55:00 AM,1,PJM-RTO,,,ZONE,,16.350000,16.365666,0.000000,0.015666
7/28/2019 7:00:00 AM,7/28/2019 3:00:00 AM,1,PJM-RTO,,,ZONE,,16.320000,16.334215,0.000000,0.014215
7/28/2019 7:05:00 AM,7/28/2019 3:05:00 AM,1,PJM-RTO,,,ZONE,,17.570000,17.585595,0.000000,0.015595
7/28/2019 7:10:00 AM,7/28/2019 3:10:00 AM,1,PJM-RTO,,,ZONE,,17.020000,17.030195,0.000000,0.010195
7/28/2019 7:15:00 AM,7/28/2019 3:15:00 AM,1,PJM-RTO,,,ZONE,,15.200000,15.213170,0.000000,0.013170
7/28/2019 7:20:00 AM,7/28/2019 3:20:00 AM,1,PJM-RTO,,,ZONE,,15.140000,15.153318,0.000000,0.013318
7/28/2019 7:25:00 AM,7/28/2019 3:25:00 AM,1,PJM-RTO,,,ZONE,,15.140000,15.152354,0.000000,0.012354
7/28/2019 7:30:00 AM,7/28/2019 3:30:00 AM,1,PJM-RTO,,,ZONE,,15.150000,15.156608,0.000000,0.006608
7/28/2019 7:35:00 AM,7/28/2019 3:35:00 AM,1,PJM-RTO,,,ZONE,,15.110000,15.124004,0.000000,0.014004
7/28/2019 7:40:00 AM,7/28/2019 3:40:00 AM,1,PJM-RTO,,,ZONE,,15.160000,15.168910,0.000000,0.008910
7/28/2019 7:45:00 AM,7/28/2019 3:45:00 AM,1,PJM-RTO,,,ZONE,,15.130000,15.138424,0.000000,0.008424
7/28/2019 7:50:00 AM,7/28/2019 3:50:00 AM,1,PJM-RTO,,,ZONE,,15.120000,15.135934,0.000000,0.015934
7/28/2019 7:55:00 AM,7/28/2019 3:55:00 AM,1,PJM-RTO,,,ZONE,,15.090000,15.104789,0.000000,0.014789
7/28/2019 8:00:00 AM,7/28/2019 4:00:00 AM,1,PJM-RTO,,,ZONE,,15.220000,15.227467,0.000000,0.007467
7/28/2019 8:05:00 AM,7/28/2019 4:05:00 AM,1,PJM-RTO,,,ZONE,,15.060000,15.069036,0.000000,0.009036
7/28/2019 8:10:00 AM,7/28/2019 4:10:00 AM,1,PJM-RTO,,,ZONE,,15.010000,15.023976,0.000000,0.013976
7/28/2019 8:15:00 AM,7/28/2019 4:15:00 AM,1,PJM-RTO,,,ZONE,,15.070000,15.079562,0.000000,0.009562
7/28/2019 8:20:00 AM,7/28/2019 4:20:00 AM,1,PJM-RTO,,,ZONE,,15.000000,15.006680,0.000000,0.006680
7/28/2019 8:25:00 AM,7/28/2019 4:25:00 AM,1,PJM-RTO,,,ZONE,,15.000000,15.006680,0.000000,0.006680
7/28/2019 8:30:00 AM,7/28/2019 4:30:00 AM,1,PJM-RTO,,,ZONE,,14.950000,14.955901,0.000000,0.005901
7/28/2019 8:35:00 AM,7/28/2019 4:35:00 AM,1,PJM-RTO,,,ZONE,,14.950000,14.955901,0.000000,0.005901
7/28/2019 8:40:00 AM,7/28/2019 4:40:00 AM,1,PJM-RTO,,,ZONE,,14.920000,14.931444,0.000000,0.011444
7/28/2019 8:45:00 AM,7/28/2019 4:45:00 AM,1,PJM-RTO,,,ZONE,,14.920000,14.931444,0.000000,0.011444
7/28/2019 8:50:00 AM,7/28/2019 4:50:00 AM,1,PJM-RTO,,,ZONE,,14.810000,14.818962,0.000000,0.008962
7/28/2019 8:55:00 AM,7/28/2019 4:55:00 AM,1,PJM-RTO,,,ZONE,,14.810000,14.818962,0.000000,0.008962
7/28/2019 9:00:00 AM,7/28/2019 5:00:00 AM,1,PJM-RTO,,,ZONE,,14.790000,14.798309,0.000000,0.008309
7/28/2019 9:05:00 AM,7/28/2019 5:05:00 AM,1,PJM-RTO,,,ZONE,,14.470000,14.477290,0.000000,0.007290
7/28/2019 9:10:00 AM,7/28/2019 5:10:00 AM,1,PJM-RTO,,,ZONE,,14.800000,14.806448,0.000000,0.006448
7/28/2019 9:15:00 AM,7/28/2019 5:15:00 AM,1,PJM-RTO,,,ZONE,,14.800000,14.805730,0.000000,0.005730
7/28/2019 9:20:00 AM,7/28/2019 5:20:00 AM,1,PJM-RTO,,,ZONE,,14.580000,14.590772,0.000000,0.010772
7/28/2019 9:25:00 AM,7/28/2019 5:25:00 AM,1,PJM-RTO,,,ZONE,,14.840000,14.849144,0.000000,0.009144
7/28/2019 9:30:00 AM,7/28/2019 5:30:00 AM,1,PJM-RTO,,,ZONE,,14.840000,14.849144,0.000000,0.009144
7/28/2019 9:35:00 AM,7/28/2019 5:35:00 AM,1,PJM-RTO,,,ZONE,,14.740000,14.750893,0.000000,0.010893
7/28/2019 9:40:00 AM,7/28/2019 5:40:00 AM,1,PJM-RTO,,,ZONE,,14.320000,14.333527,0.000000,0.013527
7/28/2019 9:45:00 AM,7/28/2019 5:45:00 AM,1,PJM-RTO,,,ZONE,,13.920000,13.928043,0.000000,0.008043
7/28/2019 9:50:00 AM,7/28/2019 5:50:00 AM,1,PJM-RTO,,,ZONE,,14.050000,14.056464,0.000000,0.006464
7/28/2019 9:55:00 AM,7/28/2019 5:55:00 AM,1,PJM-RTO,,,ZONE,,13.910000,13.919411,0.000000,0.009411
7/28/2019 10:00:00 AM,7/28/2019 6:00:00 AM,1,PJM-RTO,,,ZONE,,13.720000,13.733050,0.000000,0.013050
7/28/2019 10:05:00 AM,7/28/2019 6:05:00 AM,1,PJM-RTO,,,ZONE,,14.000000,14.009919,0.000000,0.009919
7/28/2019 10:10:00 AM,7/28/2019 6:10:00 AM,1,PJM-RTO,,,ZONE,,14.150000,14.156586,0.000000,0.006586
7/28/2019 10:15:00 AM,7/28/2019 6:15:00 AM,1,PJM-RTO,,,ZONE,,14.150000,14.156586,0.000000,0.006586
7/28/2019 10:20:00 AM,7/28/2019 6:20:00 AM,1,PJM-RTO,,,ZONE,,14.070000,14.077996,0.000000,0.007996
7/28/2019 10:25:00 AM,7/28/2019 6:25:00 AM,1,PJM-RTO,,,ZONE,,14.070000,14.077996,0.000000,0.007996
7/28/2019 10:30:00 AM,7/28/2019 6:30:00 AM,1,PJM-RTO,,,ZONE,,13.880000,13.887416,0.000000,0.007416
7/28/2019 10:35:00 AM,7/28/2019 6:35:00 AM,1,PJM-RTO,,,ZONE,,13.730000,13.740990,0.000000,0.010990
7/28/2019 10:40:00 AM,7/28/2019 6:40:00 AM,1,PJM-RTO,,,ZONE,,13.660000,13.668075,0.000000,0.008075
7/28/2019 10:45:00 AM,7/28/2019 6:45:00 AM,1,PJM-RTO,,,ZONE,,13.570000,13.576379,0.000000,0.006379
7/28/2019 10:50:00 AM,7/28/2019 6:50:00 AM,1,PJM-RTO,,,ZONE,,13.570000,13.576379,0.000000,0.006379
7/28/2019 10:55:00 AM,7/28/2019 6:55:00 AM,1,PJM-RTO,,,ZONE,,13.370000,13.377433,0.000000,0.007433
7/28/2019 11:00:00 AM,7/28/2019 7:00:00 AM,1,PJM-RTO,,,ZONE,,13.320000,13.334040,0.000000,0.014040
7/28/2019 11:05:00 AM,7/28/2019 7:05:00 AM,1,PJM-RTO,,,ZONE,,13.530000,13.541276,0.000000,0.011276
7/28/2019 11:10:00 AM,7/28/2019 7:10:00 AM,1,PJM-RTO,,,ZONE,,13.530000,13.538669,0.000000,0.008669
7/28/2019 11:15:00 AM,7/28/2019 7:15:00 AM,1,PJM-RTO,,,ZONE,,13.610000,13.623354,-0.000681,0.014035
7/28/2019 11:20:00 AM,7/28/2019 7:20:00 AM,1,PJM-RTO,,,ZONE,,13.730000,13.743096,0.000000,0.013096
7/28/2019 11:25:00 AM,7/28/2019 7:25:00 AM,1,PJM-RTO,,,ZONE,,13.730000,13.743096,0.000000,0.013096
7/28/2019 11:30:00 AM,7/28/2019 7:30:00 AM,1,PJM-RTO,,,ZONE,,13.800000,13.807211,0.000000,0.007211
7/28/2019 11:35:00 AM,7/28/2019 7:35:00 AM,1,PJM-RTO,,,ZONE,,13.970000,13.982827,0.000000,0.012827
7/28/2019 11:40:00 AM,7/28/2019 7:40:00 AM,1,PJM-RTO,,,ZONE,,13.970000,13.982827,0.000000,0.012827
7/28/2019 11:45:00 AM,7/28/2019 7:45:00 AM,1,PJM-RTO,,,ZONE,,14.240000,14.256184,0.000288,0.015896
7/28/2019 11:50:00 AM,7/28/2019 7:50:00 AM,1,PJM-RTO,,,ZONE,,14.750000,14.767770,0.005233,0.012536
7/28/2019 11:55:00 AM,7/28/2019 7:55:00 AM,1,PJM-RTO,,,ZONE,,14.750000,14.765717,0.005607,0.010111
7/28/2019 12:00:00 PM,7/28/2019 8:00:00 AM,1,PJM-RTO,,,ZONE,,14.370000,14.377752,-0.001650,0.009402
7/28/2019 12:05:00 PM,7/28/2019 8:05:00 AM,1,PJM-RTO,,,ZONE,,14.830000,14.838508,-0.002394,0.010902
7/28/2019 12:10:00 PM,7/28/2019 8:10:00 AM,1,PJM-RTO,,,ZONE,,15.680000,15.684175,-0.002404,0.006579
7/28/2019 12:15:00 PM,7/28/2019 8:15:00 AM,1,PJM-RTO,,,ZONE,,15.610000,15.619392,-0.001825,0.011217
7/28/2019 12:20:00 PM,7/28/2019 8:20:00 AM,1,PJM-RTO,,,ZONE,,15.200000,15.210445,-0.001476,0.011921
7/28/2019 12:25:00 PM,7/28/2019 8:25:00 AM,1,PJM-RTO,,,ZONE,,16.720000,16.728302,-0.003284,0.011586
7/28/2019 12:30:00 PM,7/28/2019 8:30:00 AM,1,PJM-RTO,,,ZONE,,16.820000,16.828425,-0.005376,0.013800
7/28/2019 12:35:00 PM,7/28/2019 8:35:00 AM,1,PJM-RTO,,,ZONE,,17.470000,17.484389,-0.002071,0.016460
7/28/2019 12:40:00 PM,7/28/2019 8:40:00 AM,1,PJM-RTO,,,ZONE,,18.150000,18.161105,-0.002563,0.013668
7/28/2019 12:45:00 PM,7/28/2019 8:45:00 AM,1,PJM-RTO,,,ZONE,,18.670000,18.685486,-0.001817,0.017303
7/28/2019 12:50:00 PM,7/28/2019 8:50:00 AM,1,PJM-RTO,,,ZONE,,19.060000,19.064447,-0.003326,0.007773
7/28/2019 12:55:00 PM,7/28/2019 8:55:00 AM,1,PJM-RTO,,,ZONE,,22.600000,22.610431,-0.007121,0.017551
7/28/2019 1:00:00 PM,7/28/2019 9:00:00 AM,1,PJM-RTO,,,ZONE,,26.720000,26.724701,-0.013649,0.018351
7/28/2019 1:05:00 PM,7/28/2019 9:05:00 AM,1,PJM-RTO,,,ZONE,,25.250000,25.284532,0.017875,0.016657
7/28/2019 1:10:00 PM,7/28/2019 9:10:00 AM,1,PJM-RTO,,,ZONE,,41.870000,41.966244,0.067119,0.029126
7/28/2019 1:15:00 PM,7/28/2019 9:15:00 AM,1,PJM-RTO,,,ZONE,,21.800000,21.810801,-0.000733,0.011534
7/28/2019 1:20:00 PM,7/28/2019 9:20:00 AM,1,PJM-RTO,,,ZONE,,22.570000,22.584603,-0.000390,0.014993
7/28/2019 1:25:00 PM,7/28/2019 9:25:00 AM,1,PJM-RTO,,,ZONE,,24.250000,24.264336,0.000098,0.014237
7/28/2019 1:30:00 PM,7/28/2019 9:30:00 AM,1,PJM-RTO,,,ZONE,,22.610000,22.626298,-0.000295,0.016594
7/28/2019 1:35:00 PM,7/28/2019 9:35:00 AM,1,PJM-RTO,,,ZONE,,22.130000,22.146871,0.000928,0.015943
7/28/2019 1:40:00 PM,7/28/2019 9:40:00 AM,1,PJM-RTO,,,ZONE,,22.600000,22.618999,0.000381,0.018618
7/28/2019 1:45:00 PM,7/28/2019 9:45:00 AM,1,PJM-RTO,,,ZONE,,22.270000,22.292300,0.005239,0.017061
7/28/2019 1:50:00 PM,7/28/2019 9:50:00 AM,1,PJM-RTO,,,ZONE,,21.300000,21.319685,0.003243,0.016442
7/28/2019 1:55:00 PM,7/28/2019 9:55:00 AM,1,PJM-RTO,,,ZONE,,22.580000,22.592119,-0.000412,0.012532
7/28/2019 2:00:00 PM,7/28/2019 10:00:00 AM,1,PJM-RTO,,,ZONE,,23.310000,23.322358,-0.002232,0.014590
7/28/2019 2:05:00 PM,7/28/2019 10:05:00 AM,1,PJM-RTO,,,ZONE,,22.800000,22.815255,0.001721,0.013534
7/28/2019 2:10:00 PM,7/28/2019 10:10:00 AM,1,PJM-RTO,,,ZONE,,24.720000,24.742003,0.002949,0.019053
7/28/2019 2:15:00 PM,7/28/2019 10:15:00 AM,1,PJM-RTO,,,ZONE,,29.280000,29.315169,0.013379,0.021790
7/28/2019 2:20:00 PM,7/28/2019 10:20:00 AM,1,PJM-RTO,,,ZONE,,25.250000,25.280431,0.014324,0.016107
7/28/2019 2:25:00 PM,7/28/2019 10:25:00 AM,1,PJM-RTO,,,ZONE,,23.850000,23.871469,0.002513,0.018955
7/28/2019 2:30:00 PM,7/28/2019 10:30:00 AM,1,PJM-RTO,,,ZONE,,24.730000,24.756212,0.010093,0.016119
7/28/2019 2:35:00 PM,7/28/2019 10:35:00 AM,1,PJM-RTO,,,ZONE,,23.760000,23.784724,0.006737,0.017987
7/28/2019 2:40:00 PM,7/28/2019 10:40:00 AM,1,PJM-RTO,,,ZONE,,24.050000,24.085738,0.014379,0.021359
7/28/2019 2:45:00 PM,7/28/2019 10:45:00 AM,1,PJM-RTO,,,ZONE,,25.720000,25.744421,0.006221,0.018200
7/28/2019 2:50:00 PM,7/28/2019 10:50:00 AM,1,PJM-RTO,,,ZONE,,34.480000,34.523582,0.020316,0.023266
7/28/2019 2:55:00 PM,7/28/2019 10:55:00 AM,1,PJM-RTO,,,ZONE,,26.590000,26.611415,0.001976,0.019439
7/28/2019 3:00:00 PM,7/28/2019 11:00:00 AM,1,PJM-RTO,,,ZONE,,57.130000,57.242887,0.071945,0.040941
7/28/2019 3:05:00 PM,7/28/2019 11:05:00 AM,1,PJM-RTO,,,ZONE,,55.840000,55.938692,0.063987,0.034706
7/28/2019 3:10:00 PM,7/28/2019 11:10:00 AM,1,PJM-RTO,,,ZONE,,55.840000,55.938692,0.063987,0.034706
7/28/2019 3:15:00 PM,7/28/2019 11:15:00 AM,1,PJM-RTO,,,ZONE,,75.240000,75.398658,0.102191,0.056468
7/28/2019 3:20:00 PM,7/28/2019 11:20:00 AM,1,PJM-RTO,,,ZONE,,25.950000,25.967072,0.002246,0.014827
7/28/2019 3:25:00 PM,7/28/2019 11:25:00 AM,1,PJM-RTO,,,ZONE,,26.840000,26.856682,0.000052,0.016629
7/28/2019 3:30:00 PM,7/28/2019 11:30:00 AM,1,PJM-RTO,,,ZONE,,27.650000,27.664411,0.000523,0.013888
7/28/2019 3:35:00 PM,7/28/2019 11:35:00 AM,1,PJM-RTO,,,ZONE,,26.100000,26.118155,0.000196,0.017959
7/28/2019 3:40:00 PM,7/28/2019 11:40:00 AM,1,PJM-RTO,,,ZONE,,28.140000,28.161153,-0.001181,0.022334
7/28/2019 3:45:00 PM,7/28/2019 11:45:00 AM,1,PJM-RTO,,,ZONE,,26.040000,26.064194,0.001797,0.022396
7/28/2019 3:50:00 PM,7/28/2019 11:50:00 AM,1,PJM-RTO,,,ZONE,,27.710000,27.730959,0.001073,0.019886
7/28/2019 3:55:00 PM,7/28/2019 11:55:00 AM,1,PJM-RTO,,,ZONE,,29.080000,29.108111,0.002482,0.025629
7/28/2019 4:00:00 PM,7/28/2019 12:00:00 PM,1,PJM-RTO,,,ZONE,,58.400000,58.598606,0.156611,0.041995
7/28/2019 4:05:00 PM,7/28/2019 12:05:00 PM,1,PJM-RTO,,,ZONE,,27.740000,27.769340,0.011451,0.017889
7/28/2019 4:10:00 PM,7/28/2019 12:10:00 PM,1,PJM-RTO,,,ZONE,,46.580000,46.640371,0.028075,0.032295
7/28/2019 4:15:00 PM,7/28/2019 12:15:00 PM,1,PJM-RTO,,,ZONE,,33.370000,33.445884,0.051701,0.024184
7/28/2019 4:20:00 PM,7/28/2019 12:20:00 PM,1,PJM-RTO,,,ZONE,,26.510000,26.530278,0.002042,0.018236
7/28/2019 4:25:00 PM,7/28/2019 12:25:00 PM,1,PJM-RTO,,,ZONE,,29.170000,29.199474,0.006842,0.022632
7/28/2019 4:30:00 PM,7/28/2019 12:30:00 PM,1,PJM-RTO,,,ZONE,,43.160000,43.220179,0.021763,0.038416
7/28/2019 4:35:00 PM,7/28/2019 12:35:00 PM,1,PJM-RTO,,,ZONE,,53.340000,53.416450,0.034839,0.041611
7/28/2019 4:40:00 PM,7/28/2019 12:40:00 PM,1,PJM-RTO,,,ZONE,,52.870000,52.952647,0.035359,0.047288
7/28/2019 4:45:00 PM,7/28/2019 12:45:00 PM,1,PJM-RTO,,,ZONE,,52.870000,52.952647,0.035359,0.047288
7/28/2019 4:50:00 PM,7/28/2019 12:50:00 PM,1,PJM-RTO,,,ZONE,,102.970000,103.083246,0.030550,0.082696
7/28/2019 4:55:00 PM,7/28/2019 12:55:00 PM,1,PJM-RTO,,,ZONE,,28.250000,28.280188,0.007647,0.022542
7/28/2019 5:00:00 PM,7/28/2019 1:00:00 PM,1,PJM-RTO,,,ZONE,,25.480000,25.506754,0.003234,0.023521
7/28/2019 5:05:00 PM,7/28/2019 1:05:00 PM,1,PJM-RTO,,,ZONE,,24.150000,24.178008,0.007348,0.020660
7/28/2019 5:10:00 PM,7/28/2019 1:10:00 PM,1,PJM-RTO,,,ZONE,,24.140000,24.169843,0.007209,0.022634
7/28/2019 5:15:00 PM,7/28/2019 1:15:00 PM,1,PJM-RTO,,,ZONE,,22.950000,22.966806,0.003621,0.013185
7/28/2019 5:20:00 PM,7/28/2019 1:20:00 PM,1,PJM-RTO,,,ZONE,,23.800000,23.820904,0.002696,0.018208
7/28/2019 5:25:00 PM,7/28/2019 1:25:00 PM,1,PJM-RTO,,,ZONE,,27.660000,27.695402,0.014089,0.021312
7/28/2019 5:30:00 PM,7/28/2019 1:30:00 PM,1,PJM-RTO,,,ZONE,,26.240000,26.268486,0.006272,0.022213
7/28/2019 5:35:00 PM,7/28/2019 1:35:00 PM,1,PJM-RTO,,,ZONE,,26.750000,26.785414,0.014301,0.021113
7/28/2019 5:40:00 PM,7/28/2019 1:40:00 PM,1,PJM-RTO,,,ZONE,,26.710000,26.745777,0.011486,0.024291
7/28/2019 5:45:00 PM,7/28/2019 1:45:00 PM,1,PJM-RTO,,,ZONE,,25.880000,25.917642,0.011914,0.025728
7/28/2019 5:50:00 PM,7/28/2019 1:50:00 PM,1,PJM-RTO,,,ZONE,,24.750000,24.775895,0.004703,0.021192
7/28/2019 5:55:00 PM,7/28/2019 1:55:00 PM,1,PJM-RTO,,,ZONE,,24.430000,24.453916,0.007836,0.016080
7/28/2019 6:00:00 PM,7/28/2019 2:00:00 PM,1,PJM-RTO,,,ZONE,,24.700000,24.728418,0.009278,0.019140
7/28/2019 6:05:00 PM,7/28/2019 2:05:00 PM,1,PJM-RTO,,,ZONE,,23.570000,23.594107,0.007540,0.016568
7/28/2019 6:10:00 PM,7/28/2019 2:10:00 PM,1,PJM-RTO,,,ZONE,,22.700000,22.728613,0.006289,0.022324
7/28/2019 6:15:00 PM,7/28/2019 2:15:00 PM,1,PJM-RTO,,,ZONE,,26.490000,26.514338,0.002697,0.021641
7/28/2019 6:20:00 PM,7/28/2019 2:20:00 PM,1,PJM-RTO,,,ZONE,,24.480000,24.506311,0.005486,0.020825
7/28/2019 6:25:00 PM,7/28/2019 2:25:00 PM,1,PJM-RTO,,,ZONE,,27.120000,27.145824,0.003341,0.022484
7/28/2019 6:30:00 PM,7/28/2019 2:30:00 PM,1,PJM-RTO,,,ZONE,,28.290000,28.329525,0.011046,0.028479
7/28/2019 6:35:00 PM,7/28/2019 2:35:00 PM,1,PJM-RTO,,,ZONE,,27.640000,27.674012,0.008822,0.025190
7/28/2019 6:40:00 PM,7/28/2019 2:40:00 PM,1,PJM-RTO,,,ZONE,,26.630000,26.660272,0.008983,0.021290
7/28/2019 6:45:00 PM,7/28/2019 2:45:00 PM,1,PJM-RTO,,,ZONE,,25.670000,25.691971,0.002436,0.019534
7/28/2019 6:50:00 PM,7/28/2019 2:50:00 PM,1,PJM-RTO,,,ZONE,,25.670000,25.691971,0.002436,0.019534
7/28/2019 6:55:00 PM,7/28/2019 2:55:00 PM,1,PJM-RTO,,,ZONE,,25.770000,25.792478,0.003696,0.018782
7/28/2019 7:00:00 PM,7/28/2019 3:00:00 PM,1,PJM-RTO,,,ZONE,,25.160000,25.185049,0.002811,0.022238
7/28/2019 7:05:00 PM,7/28/2019 3:05:00 PM,1,PJM-RTO,,,ZONE,,25.160000,25.185049,0.002811,0.022238
7/28/2019 7:10:00 PM,7/28/2019 3:10:00 PM,1,PJM-RTO,,,ZONE,,28.730000,28.765165,0.014449,0.020717
7/28/2019 7:15:00 PM,7/28/2019 3:15:00 PM,1,PJM-RTO,,,ZONE,,27.330000,27.359047,0.009303,0.019743
7/28/2019 7:20:00 PM,7/28/2019 3:20:00 PM,1,PJM-RTO,,,ZONE,,27.180000,27.214543,0.010784,0.023758
7/28/2019 7:25:00 PM,7/28/2019 3:25:00 PM,1,PJM-RTO,,,ZONE,,27.310000,27.340538,0.007262,0.023276
7/28/2019 7:30:00 PM,7/28/2019 3:30:00 PM,1,PJM-RTO,,,ZONE,,28.140000,28.173162,0.011899,0.021262
7/28/2019 7:35:00 PM,7/28/2019 3:35:00 PM,1,PJM-RTO,,,ZONE,,29.350000,29.383263,0.013861,0.019401
7/28/2019 7:40:00 PM,7/28/2019 3:40:00 PM,1,PJM-RTO,,,ZONE,,32.670000,32.710967,0.016418,0.024548
7/28/2019 7:45:00 PM,7/28/2019 3:45:00 PM,1,PJM-RTO,,,ZONE,,31.580000,31.625990,0.017294,0.028697
7/28/2019 7:50:00 PM,7/28/2019 3:50:00 PM,1,PJM-RTO,,,ZONE,,31.800000,31.847454,0.017590,0.029863
7/28/2019 7:55:00 PM,7/28/2019 3:55:00 PM,1,PJM-RTO,,,ZONE,,45.620000,45.673637,0.017821,0.035816
7/28/2019 8:00:00 PM,7/28/2019 4:00:00 PM,1,PJM-RTO,,,ZONE,,31.970000,32.014888,0.018216,0.026671
7/28/2019 8:05:00 PM,7/28/2019 4:05:00 PM,1,PJM-RTO,,,ZONE,,30.050000,30.093196,0.015249,0.027947
7/28/2019 8:10:00 PM,7/28/2019 4:10:00 PM,1,PJM-RTO,,,ZONE,,30.530000,30.571980,0.016106,0.025874
7/28/2019 8:15:00 PM,7/28/2019 4:15:00 PM,1,PJM-RTO,,,ZONE,,31.410000,31.449133,0.013540,0.025593
7/28/2019 8:20:00 PM,7/28/2019 4:20:00 PM,1,PJM-RTO,,,ZONE,,30.860000,30.899137,0.011705,0.027432
7/28/2019 8:25:00 PM,7/28/2019 4:25:00 PM,1,PJM-RTO,,,ZONE,,36.160000,36.199064,0.014974,0.024090
7/28/2019 8:30:00 PM,7/28/2019 4:30:00 PM,1,PJM-RTO,,,ZONE,,38.510000,38.556084,0.012017,0.034066
7/28/2019 8:35:00 PM,7/28/2019 4:35:00 PM,1,PJM-RTO,,,ZONE,,50.220000,50.282152,0.027305,0.034847
7/28/2019 8:40:00 PM,7/28/2019 4:40:00 PM,1,PJM-RTO,,,ZONE,,52.770000,52.843989,0.035494,0.038496
7/28/2019 8:45:00 PM,7/28/2019 4:45:00 PM,1,PJM-RTO,,,ZONE,,62.850000,62.929064,0.031736,0.047329
7/28/2019 8:50:00 PM,7/28/2019 4:50:00 PM,1,PJM-RTO,,,ZONE,,88.510000,88.632003,0.062442,0.059561
7/28/2019 8:55:00 PM,7/28/2019 4:55:00 PM,1,PJM-RTO,,,ZONE,,88.080000,88.150594,0.002356,0.068238
7/28/2019 9:00:00 PM,7/28/2019 5:00:00 PM,1,PJM-RTO,,,ZONE,,135.410000,135.615293,0.092944,0.112349
7/28/2019 9:05:00 PM,7/28/2019 5:05:00 PM,1,PJM-RTO,,,ZONE,,115.330000,115.505703,0.089926,0.085777
7/28/2019 9:10:00 PM,7/28/2019 5:10:00 PM,1,PJM-RTO,,,ZONE,,113.360000,113.520429,0.085867,0.074562
7/28/2019 9:15:00 PM,7/28/2019 5:15:00 PM,1,PJM-RTO,,,ZONE,,72.780000,72.874036,0.037718,0.056318
7/28/2019 9:20:00 PM,7/28/2019 5:20:00 PM,1,PJM-RTO,,,ZONE,,72.890000,72.943160,0.000000,0.053160
7/28/2019 9:25:00 PM,7/28/2019 5:25:00 PM,1,PJM-RTO,,,ZONE,,55.390000,55.432091,0.000000,0.042091
7/28/2019 9:30:00 PM,7/28/2019 5:30:00 PM,1,PJM-RTO,,,ZONE,,35.290000,35.318188,0.000000,0.028188
7/28/2019 9:35:00 PM,7/28/2019 5:35:00 PM,1,PJM-RTO,,,ZONE,,38.230000,38.255001,0.001415,0.023586
7/28/2019 9:40:00 PM,7/28/2019 5:40:00 PM,1,PJM-RTO,,,ZONE,,34.610000,34.642961,0.001302,0.031659
7/28/2019 9:45:00 PM,7/28/2019 5:45:00 PM,1,PJM-RTO,,,ZONE,,44.150000,44.181107,0.001419,0.029688
7/28/2019 9:50:00 PM,7/28/2019 5:50:00 PM,1,PJM-RTO,,,ZONE,,57.630000,57.751469,0.069035,0.052433
7/28/2019 9:55:00 PM,7/28/2019 5:55:00 PM,1,PJM-RTO,,,ZONE,,69.370000,69.554879,0.123147,0.061732
7/28/2019 10:00:00 PM,7/28/2019 6:00:00 PM,1,PJM-RTO,,,ZONE,,52.640000,52.716384,0.044248,0.032136
7/28/2019 10:05:00 PM,7/28/2019 6:05:00 PM,1,PJM-RTO,,,ZONE,,88.950000,89.140523,0.127960,0.062563
7/28/2019 10:10:00 PM,7/28/2019 6:10:00 PM,1,PJM-RTO,,,ZONE,,62.840000,62.967861,0.078344,0.049518
7/28/2019 10:15:00 PM,7/28/2019 6:15:00 PM,1,PJM-RTO,,,ZONE,,56.810000,56.912186,0.052819,0.049367
7/28/2019 10:20:00 PM,7/28/2019 6:20:00 PM,1,PJM-RTO,,,ZONE,,52.300000,52.401067,0.068655,0.032412
7/28/2019 10:25:00 PM,7/28/2019 6:25:00 PM,1,PJM-RTO,,,ZONE,,50.250000,50.325281,0.044493,0.030788
7/28/2019 10:30:00 PM,7/28/2019 6:30:00 PM,1,PJM-RTO,,,ZONE,,45.820000,45.969460,0.112779,0.036680
7/28/2019 10:35:00 PM,7/28/2019 6:35:00 PM,1,PJM-RTO,,,ZONE,,53.130000,53.239301,0.068977,0.040324
7/28/2019 10:40:00 PM,7/28/2019 6:40:00 PM,1,PJM-RTO,,,ZONE,,52.320000,52.381324,0.023118,0.038207
7/28/2019 10:45:00 PM,7/28/2019 6:45:00 PM,1,PJM-RTO,,,ZONE,,42.270000,42.304371,0.000000,0.034371
7/28/2019 10:50:00 PM,7/28/2019 6:50:00 PM,1,PJM-RTO,,,ZONE,,41.010000,41.044453,0.000000,0.034453
7/28/2019 10:55:00 PM,7/28/2019 6:55:00 PM,1,PJM-RTO,,,ZONE,,34.530000,34.556240,0.000000,0.026240
7/28/2019 11:00:00 PM,7/28/2019 7:00:00 PM,1,PJM-RTO,,,ZONE,,36.760000,36.789391,0.000000,0.029391
7/28/2019 11:05:00 PM,7/28/2019 7:05:00 PM,1,PJM-RTO,,,ZONE,,42.920000,42.948177,0.000000,0.028177
7/28/2019 11:10:00 PM,7/28/2019 7:10:00 PM,1,PJM-RTO,,,ZONE,,40.860000,40.890779,0.000000,0.030779
7/28/2019 11:15:00 PM,7/28/2019 7:15:00 PM,1,PJM-RTO,,,ZONE,,34.380000,34.403212,0.000000,0.023212
7/28/2019 11:20:00 PM,7/28/2019 7:20:00 PM,1,PJM-RTO,,,ZONE,,29.560000,29.578793,0.000000,0.018793
7/28/2019 11:25:00 PM,7/28/2019 7:25:00 PM,1,PJM-RTO,,,ZONE,,31.250000,31.276414,0.000000,0.026414
7/28/2019 11:30:00 PM,7/28/2019 7:30:00 PM,1,PJM-RTO,,,ZONE,,28.710000,28.732249,0.000000,0.022249
7/28/2019 11:35:00 PM,7/28/2019 7:35:00 PM,1,PJM-RTO,,,ZONE,,27.960000,27.981936,0.000000,0.021936
7/28/2019 11:40:00 PM,7/28/2019 7:40:00 PM,1,PJM-RTO,,,ZONE,,28.730000,28.751519,0.003428,0.018091
7/28/2019 11:45:00 PM,7/28/2019 7:45:00 PM,1,PJM-RTO,,,ZONE,,28.830000,28.860049,0.003994,0.026056
7/28/2019 11:50:00 PM,7/28/2019 7:50:00 PM,1,PJM-RTO,,,ZONE,,28.710000,28.727055,0.000000,0.017055
7/28/2019 11:55:00 PM,7/28/2019 7:55:00 PM,1,PJM-RTO,,,ZONE,,26.670000,26.689713,0.003017,0.016696
7/29/2019 12:00:00 AM,7/28/2019 8:00:00 PM,1,PJM-RTO,,,ZONE,,32.120000,32.151366,0.007275,0.024091
7/29/2019 12:05:00 AM,7/28/2019 8:05:00 PM,1,PJM-RTO,,,ZONE,,28.740000,28.779233,0.011835,0.027398
7/29/2019 12:10:00 AM,7/28/2019 8:10:00 PM,1,PJM-RTO,,,ZONE,,29.880000,29.905786,0.004116,0.021670
7/29/2019 12:15:00 AM,7/28/2019 8:15:00 PM,1,PJM-RTO,,,ZONE,,29.880000,29.905786,0.004116,0.021670
7/29/2019 12:20:00 AM,7/28/2019 8:20:00 PM,1,PJM-RTO,,,ZONE,,42.160000,42.249238,0.057496,0.031742
7/29/2019 12:25:00 AM,7/28/2019 8:25:00 PM,1,PJM-RTO,,,ZONE,,37.720000,37.767870,0.020159,0.027710
7/29/2019 12:30:00 AM,7/28/2019 8:30:00 PM,1,PJM-RTO,,,ZONE,,32.490000,32.525033,0.005780,0.029253
7/29/2019 12:35:00 AM,7/28/2019 8:35:00 PM,1,PJM-RTO,,,ZONE,,31.100000,31.126522,0.005231,0.021291
7/29/2019 12:40:00 AM,7/28/2019 8:40:00 PM,1,PJM-RTO,,,ZONE,,34.160000,34.187946,0.001405,0.026542
7/29/2019 12:45:00 AM,7/28/2019 8:45:00 PM,1,PJM-RTO,,,ZONE,,30.540000,30.568709,0.002700,0.026009
7/29/2019 12:50:00 AM,7/28/2019 8:50:00 PM,1,PJM-RTO,,,ZONE,,31.240000,31.260459,0.000000,0.020459
7/29/2019 12:55:00 AM,7/28/2019 8:55:00 PM,1,PJM-RTO,,,ZONE,,34.740000,34.767960,0.000000,0.027960
7/29/2019 1:00:00 AM,7/28/2019 9:00:00 PM,1,PJM-RTO,,,ZONE,,36.330000,36.359307,0.000000,0.029307
7/29/2019 1:05:00 AM,7/28/2019 9:05:00 PM,1,PJM-RTO,,,ZONE,,35.150000,35.170042,0.000000,0.020042
7/29/2019 1:10:00 AM,7/28/2019 9:10:00 PM,1,PJM-RTO,,,ZONE,,32.330000,32.352369,0.000000,0.022369
7/29/2019 1:15:00 AM,7/28/2019 9:15:00 PM,1,PJM-RTO,,,ZONE,,30.020000,30.039677,0.000000,0.019677
7/29/2019 1:20:00 AM,7/28/2019 9:20:00 PM,1,PJM-RTO,,,ZONE,,39.100000,39.128869,0.000000,0.028869
7/29/2019 1:25:00 AM,7/28/2019 9:25:00 PM,1,PJM-RTO,,,ZONE,,36.350000,36.380654,0.007956,0.022697
7/29/2019 1:30:00 AM,7/28/2019 9:30:00 PM,1,PJM-RTO,,,ZONE,,36.330000,36.359019,0.000000,0.029019
7/29/2019 1:35:00 AM,7/28/2019 9:35:00 PM,1,PJM-RTO,,,ZONE,,35.060000,35.080723,0.000000,0.020723
7/29/2019 1:40:00 AM,7/28/2019 9:40:00 PM,1,PJM-RTO,,,ZONE,,26.380000,26.397088,0.000000,0.017088
7/29/2019 1:45:00 AM,7/28/2019 9:45:00 PM,1,PJM-RTO,,,ZONE,,24.830000,24.854570,0.002779,0.021791
7/29/2019 1:50:00 AM,7/28/2019 9:50:00 PM,1,PJM-RTO,,,ZONE,,31.100000,31.123695,0.000775,0.022920
7/29/2019 1:55:00 AM,7/28/2019 9:55:00 PM,1,PJM-RTO,,,ZONE,,24.920000,24.937267,0.000000,0.017267
7/29/2019 2:00:00 AM,7/28/2019 10:00:00 PM,1,PJM-RTO,,,ZONE,,27.350000,27.369929,0.000891,0.019038
7/29/2019 2:05:00 AM,7/28/2019 10:05:00 PM,1,PJM-RTO,,,ZONE,,30.730000,30.756569,0.001102,0.025467
7/29/2019 2:10:00 AM,7/28/2019 10:10:00 PM,1,PJM-RTO,,,ZONE,,24.410000,24.429760,0.000000,0.019760
7/29/2019 2:15:00 AM,7/28/2019 10:15:00 PM,1,PJM-RTO,,,ZONE,,23.220000,23.240281,0.001852,0.018429
7/29/2019 2:20:00 AM,7/28/2019 10:20:00 PM,1,PJM-RTO,,,ZONE,,26.010000,26.022103,0.001016,0.011087
7/29/2019 2:25:00 AM,7/28/2019 10:25:00 PM,1,PJM-RTO,,,ZONE,,24.780000,24.793722,0.000957,0.012765
7/29/2019 2:30:00 AM,7/28/2019 10:30:00 PM,1,PJM-RTO,,,ZONE,,24.550000,24.567968,0.000608,0.017360
7/29/2019 2:35:00 AM,7/28/2019 10:35:00 PM,1,PJM-RTO,,,ZONE,,23.280000,23.292047,0.000000,0.012047
7/29/2019 2:40:00 AM,7/28/2019 10:40:00 PM,1,PJM-RTO,,,ZONE,,24.000000,24.018611,0.001923,0.016688
7/29/2019 2:45:00 AM,7/28/2019 10:45:00 PM,1,PJM-RTO,,,ZONE,,24.580000,24.596965,0.001239,0.015726
7/29/2019 2:50:00 AM,7/28/2019 10:50:00 PM,1,PJM-RTO,,,ZONE,,23.500000,23.517752,0.000919,0.016833
7/29/2019 2:55:00 AM,7/28/2019 10:55:00 PM,1,PJM-RTO,,,ZONE,,21.810000,21.825310,0.000816,0.014494
7/29/2019 3:00:00 AM,7/28/2019 11:00:00 PM,1,PJM-RTO,,,ZONE,,24.210000,24.226000,0.001074,0.014926
7/29/2019 3:05:00 AM,7/28/2019 11:05:00 PM,1,PJM-RTO,,,ZONE,,24.400000,24.419052,0.000000,0.019052
7/29/2019 3:10:00 AM,7/28/2019 11:10:00 PM,1,PJM-RTO,,,ZONE,,24.630000,24.650146,0.000000,0.020146
7/29/2019 3:15:00 AM,7/28/2019 11:15:00 PM,1,PJM-RTO,,,ZONE,,23.960000,23.976166,0.004213,0.011952
7/29/2019 3:20:00 AM,7/28/2019 11:20:00 PM,1,PJM-RTO,,,ZONE,,24.300000,24.317477,0.000000,0.017477
7/29/2019 3:25:00 AM,7/28/2019 11:25:00 PM,1,PJM-RTO,,,ZONE,,24.300000,24.317477,0.000000,0.017477
7/29/2019 3:30:00 AM,7/28/2019 11:30:00 PM,1,PJM-RTO,,,ZONE,,21.740000,21.754012,0.000000,0.014012
7/29/2019 3:35:00 AM,7/28/2019 11:35:00 PM,1,PJM-RTO,,,ZONE,,21.090000,21.113358,0.002203,0.021155
7/29/2019 3:40:00 AM,7/28/2019 11:40:00 PM,1,PJM-RTO,,,ZONE,,21.480000,21.496556,0.000793,0.015762
7/29/2019 3:45:00 AM,7/28/2019 11:45:00 PM,1,PJM-RTO,,,ZONE,,22.070000,22.088044,0.000000,0.018044
7/29/2019 3:50:00 AM,7/28/2019 11:50:00 PM,1,PJM-RTO,,,ZONE,,19.500000,19.513979,0.000000,0.013979
7/29/2019 3:55:00 AM,7/28/2019 11:55:00 PM,1,PJM-RTO,,,ZONE,,18.520000,18.535598,0.000000,0.015598
7/29/2019 4:00:00 AM,7/29/2019 12:00:00 AM,1,PJM-RTO,,,ZONE,,19.750000,19.762798,0.000000,0.012798
7/29/2019 4:05:00 AM,7/29/2019 12:05:00 AM,1,PJM-RTO,,,ZONE,,22.270000,22.288222,0.000000,0.018222
7/29/2019 4:10:00 AM,7/29/2019 12:10:00 AM,1,PJM-RTO,,,ZONE,,22.240000,22.251815,0.000000,0.011815
7/29/2019 4:15:00 AM,7/29/2019 12:15:00 AM,1,PJM-RTO,,,ZONE,,22.240000,22.251815,0.000000,0.011815
7/29/2019 4:20:00 AM,7/29/2019 12:20:00 AM,1,PJM-RTO,,,ZONE,,22.320000,22.334353,0.000000,0.014353
7/29/2019 4:25:00 AM,7/29/2019 12:25:00 AM,1,PJM-RTO,,,ZONE,,21.740000,21.758050,0.000000,0.018050
7/29/2019 4:30:00 AM,7/29/2019 12:30:00 AM,1,PJM-RTO,,,ZONE,,21.670000,21.681922,0.000000,0.011922
7/29/2019 4:35:00 AM,7/29/2019 12:35:00 AM,1,PJM-RTO,,,ZONE,,21.130000,21.140496,0.000000,0.010496
7/29/2019 4:40:00 AM,7/29/2019 12:40:00 AM,1,PJM-RTO,,,ZONE,,19.430000,19.443161,0.000000,0.013161
7/29/2019 4:45:00 AM,7/29/2019 12:45:00 AM,1,PJM-RTO,,,ZONE,,16.650000,16.657156,0.000000,0.007156
7/29/2019 4:50:00 AM,7/29/2019 12:50:00 AM,1,PJM-RTO,,,ZONE,,18.000000,18.006670,0.000000,0.006670
7/29/2019 4:55:00 AM,7/29/2019 12:55:00 AM,1,PJM-RTO,,,ZONE,,18.050000,18.065206,0.000000,0.015206
7/29/2019 5:00:00 AM,7/29/2019 1:00:00 AM,1,PJM-RTO,,,ZONE,,18.830000,18.847209,0.000000,0.017209
7/29/2019 5:05:00 AM,7/29/2019 1:05:00 AM,1,PJM-RTO,,,ZONE,,18.830000,18.847161,0.000000,0.017161
7/29/2019 5:10:00 AM,7/29/2019 1:10:00 AM,1,PJM-RTO,,,ZONE,,18.020000,18.031261,0.000000,0.011261
7/29/2019 5:15:00 AM,7/29/2019 1:15:00 AM,1,PJM-RTO,,,ZONE,,18.220000,18.229469,0.000000,0.009469
7/29/2019 5:20:00 AM,7/29/2019 1:20:00 AM,1,PJM-RTO,,,ZONE,,19.140000,19.152015,0.000000,0.012015
7/29/2019 5:25:00 AM,7/29/2019 1:25:00 AM,1,PJM-RTO,,,ZONE,,19.440000,19.459190,0.000000,0.019190
7/29/2019 5:30:00 AM,7/29/2019 1:30:00 AM,1,PJM-RTO,,,ZONE,,19.800000,19.814971,0.000000,0.014971
7/29/2019 5:35:00 AM,7/29/2019 1:35:00 AM,1,PJM-RTO,,,ZONE,,19.330000,19.344792,0.000000,0.014792
7/29/2019 5:40:00 AM,7/29/2019 1:40:00 AM,1,PJM-RTO,,,ZONE,,18.810000,18.824647,0.000000,0.014647
7/29/2019 5:45:00 AM,7/29/2019 1:45:00 AM,1,PJM-RTO,,,ZONE,,19.130000,19.145135,0.000000,0.015135
7/29/2019 5:50:00 AM,7/29/2019 1:50:00 AM,1,PJM-RTO,,,ZONE,,19.480000,19.499438,0.000000,0.019438
7/29/2019 5:55:00 AM,7/29/2019 1:55:00 AM,1,PJM-RTO,,,ZONE,,19.480000,19.499438,0.000000,0.019438
7/29/2019 6:00:00 AM,7/29/2019 2:00:00 AM,1,PJM-RTO,,,ZONE,,18.750000,18.759615,0.000000,0.009615
7/29/2019 6:05:00 AM,7/29/2019 2:05:00 AM,1,PJM-RTO,,,ZONE,,17.670000,17.685796,0.000000,0.015796
7/29/2019 6:10:00 AM,7/29/2019 2:10:00 AM,1,PJM-RTO,,,ZONE,,16.800000,16.814973,0.000000,0.014973
7/29/2019 6:15:00 AM,7/29/2019 2:15:00 AM,1,PJM-RTO,,,ZONE,,16.290000,16.302006,0.000000,0.012006
7/29/2019 6:20:00 AM,7/29/2019 2:20:00 AM,1,PJM-RTO,,,ZONE,,16.290000,16.302006,0.000000,0.012006
7/29/2019 6:25:00 AM,7/29/2019 2:25:00 AM,1,PJM-RTO,,,ZONE,,16.800000,16.811959,0.000000,0.011959
7/29/2019 6:30:00 AM,7/29/2019 2:30:00 AM,1,PJM-RTO,,,ZONE,,16.220000,16.233170,0.000000,0.013170
7/29/2019 6:35:00 AM,7/29/2019 2:35:00 AM,1,PJM-RTO,,,ZONE,,17.290000,17.298698,0.000000,0.008698
7/29/2019 6:40:00 AM,7/29/2019 2:40:00 AM,1,PJM-RTO,,,ZONE,,18.010000,18.023417,0.000000,0.013417
7/29/2019 6:45:00 AM,7/29/2019 2:45:00 AM,1,PJM-RTO,,,ZONE,,17.520000,17.531725,0.000000,0.011725
7/29/2019 6:50:00 AM,7/29/2019 2:50:00 AM,1,PJM-RTO,,,ZONE,,17.160000,17.171228,0.000000,0.011228
7/29/2019 6:55:00 AM,7/29/2019 2:55:00 AM,1,PJM-RTO,,,ZONE,,17.570000,17.581298,0.000000,0.011298
7/29/2019 7:00:00 AM,7/29/2019 3:00:00 AM,1,PJM-RTO,,,ZONE,,16.300000,16.310647,0.000000,0.010647
7/29/2019 7:05:00 AM,7/29/2019 3:05:00 AM,1,PJM-RTO,,,ZONE,,17.300000,17.314674,0.000000,0.014674
7/29/2019 7:10:00 AM,7/29/2019 3:10:00 AM,1,PJM-RTO,,,ZONE,,16.770000,16.784404,0.000000,0.014404
7/29/2019 7:15:00 AM,7/29/2019 3:15:00 AM,1,PJM-RTO,,,ZONE,,16.650000,16.665607,0.000000,0.015607
7/29/2019 7:20:00 AM,7/29/2019 3:20:00 AM,1,PJM-RTO,,,ZONE,,16.790000,16.801734,0.000000,0.011734
7/29/2019 7:25:00 AM,7/29/2019 3:25:00 AM,1,PJM-RTO,,,ZONE,,16.690000,16.703051,0.000000,0.013051
7/29/2019 7:30:00 AM,7/29/2019 3:30:00 AM,1,PJM-RTO,,,ZONE,,16.480000,16.492200,0.000000,0.012200
7/29/2019 7:35:00 AM,7/29/2019 3:35:00 AM,1,PJM-RTO,,,ZONE,,16.230000,16.239467,0.000000,0.009467
7/29/2019 7:40:00 AM,7/29/2019 3:40:00 AM,1,PJM-RTO,,,ZONE,,15.330000,15.341457,0.000000,0.011457
7/29/2019 7:45:00 AM,7/29/2019 3:45:00 AM,1,PJM-RTO,,,ZONE,,15.360000,15.369651,0.000000,0.009651
7/29/2019 7:50:00 AM,7/29/2019 3:50:00 AM,1,PJM-RTO,,,ZONE,,15.370000,15.385765,0.000000,0.015765
7/29/2019 7:55:00 AM,7/29/2019 3:55:00 AM,1,PJM-RTO,,,ZONE,,15.270000,15.280102,0.000000,0.010102
7/29/2019 8:00:00 AM,7/29/2019 4:00:00 AM,1,PJM-RTO,,,ZONE,,15.660000,15.672928,0.000000,0.012928
7/29/2019 8:05:00 AM,7/29/2019 4:05:00 AM,1,PJM-RTO,,,ZONE,,15.290000,15.299880,0.000000,0.009880
7/29/2019 8:10:00 AM,7/29/2019 4:10:00 AM,1,PJM-RTO,,,ZONE,,15.290000,15.299880,0.000000,0.009880
7/29/2019 8:15:00 AM,7/29/2019 4:15:00 AM,1,PJM-RTO,,,ZONE,,16.740000,16.757677,0.000000,0.017677
7/29/2019 8:20:00 AM,7/29/2019 4:20:00 AM,1,PJM-RTO,,,ZONE,,16.770000,16.782285,0.000000,0.012285
7/29/2019 8:25:00 AM,7/29/2019 4:25:00 AM,1,PJM-RTO,,,ZONE,,16.040000,16.047181,0.000000,0.007181
7/29/2019 8:30:00 AM,7/29/2019 4:30:00 AM,1,PJM-RTO,,,ZONE,,16.240000,16.248769,0.000000,0.008769
7/29/2019 8:35:00 AM,7/29/2019 4:35:00 AM,1,PJM-RTO,,,ZONE,,17.100000,17.114472,0.000000,0.014472
7/29/2019 8:40:00 AM,7/29/2019 4:40:00 AM,1,PJM-RTO,,,ZONE,,17.970000,17.979482,0.000000,0.009482
7/29/2019 8:45:00 AM,7/29/2019 4:45:00 AM,1,PJM-RTO,,,ZONE,,17.430000,17.439355,0.000000,0.009355
7/29/2019 8:50:00 AM,7/29/2019 4:50:00 AM,1,PJM-RTO,,,ZONE,,17.440000,17.449128,0.000000,0.009128
7/29/2019 8:55:00 AM,7/29/2019 4:55:00 AM,1,PJM-RTO,,,ZONE,,18.120000,18.128061,0.000000,0.008061
7/29/2019 9:00:00 AM,7/29/2019 5:00:00 AM,1,PJM-RTO,,,ZONE,,18.360000,18.378514,0.000000,0.018514
7/29/2019 9:05:00 AM,7/29/2019 5:05:00 AM,1,PJM-RTO,,,ZONE,,17.770000,17.784770,0.000000,0.014770
7/29/2019 9:10:00 AM,7/29/2019 5:10:00 AM,1,PJM-RTO,,,ZONE,,17.750000,17.763794,0.000000,0.013794
7/29/2019 9:15:00 AM,7/29/2019 5:15:00 AM,1,PJM-RTO,,,ZONE,,19.530000,19.545138,0.000000,0.015138
7/29/2019 9:20:00 AM,7/29/2019 5:20:00 AM,1,PJM-RTO,,,ZONE,,20.870000,20.888802,0.000000,0.018802
7/29/2019 9:25:00 AM,7/29/2019 5:25:00 AM,1,PJM-RTO,,,ZONE,,20.180000,20.197479,0.000000,0.017479
7/29/2019 9:30:00 AM,7/29/2019 5:30:00 AM,1,PJM-RTO,,,ZONE,,19.680000,19.691429,0.000000,0.011429
7/29/2019 9:35:00 AM,7/29/2019 5:35:00 AM,1,PJM-RTO,,,ZONE,,19.210000,19.219013,0.000000,0.009013
7/29/2019 9:40:00 AM,7/29/2019 5:40:00 AM,1,PJM-RTO,,,ZONE,,19.250000,19.263063,0.000000,0.013063
7/29/2019 9:45:00 AM,7/29/2019 5:45:00 AM,1,PJM-RTO,,,ZONE,,19.120000,19.133577,0.000000,0.013577
7/29/2019 9:50:00 AM,7/29/2019 5:50:00 AM,1,PJM-RTO,,,ZONE,,19.120000,19.133577,0.000000,0.013577
7/29/2019 9:55:00 AM,7/29/2019 5:55:00 AM,1,PJM-RTO,,,ZONE,,19.190000,19.207441,0.000000,0.017441
7/29/2019 10:00:00 AM,7/29/2019 6:00:00 AM,1,PJM-RTO,,,ZONE,,18.270000,18.286361,0.000000,0.016361
7/29/2019 10:05:00 AM,7/29/2019 6:05:00 AM,1,PJM-RTO,,,ZONE,,18.960000,18.973781,0.000000,0.013781
7/29/2019 10:10:00 AM,7/29/2019 6:10:00 AM,1,PJM-RTO,,,ZONE,,19.270000,19.280917,0.000000,0.010917
7/29/2019 10:15:00 AM,7/29/2019 6:15:00 AM,1,PJM-RTO,,,ZONE,,21.640000,21.655239,0.000000,0.015239
7/29/2019 10:20:00 AM,7/29/2019 6:20:00 AM,1,PJM-RTO,,,ZONE,,21.380000,21.391977,0.000000,0.011977
7/29/2019 10:25:00 AM,7/29/2019 6:25:00 AM,1,PJM-RTO,,,ZONE,,21.380000,21.397272,0.000000,0.017272
7/29/2019 10:30:00 AM,7/29/2019 6:30:00 AM,1,PJM-RTO,,,ZONE,,20.720000,20.730494,0.000000,0.010494
7/29/2019 10:35:00 AM,7/29/2019 6:35:00 AM,1,PJM-RTO,,,ZONE,,20.050000,20.067806,0.000000,0.017806
7/29/2019 10:40:00 AM,7/29/2019 6:40:00 AM,1,PJM-RTO,,,ZONE,,20.130000,20.141208,0.000000,0.011208
7/29/2019 10:45:00 AM,7/29/2019 6:45:00 AM,1,PJM-RTO,,,ZONE,,20.130000,20.141208,0.000000,0.011208
7/29/2019 10:50:00 AM,7/29/2019 6:50:00 AM,1,PJM-RTO,,,ZONE,,19.640000,19.656685,0.000000,0.016685
7/29/2019 10:55:00 AM,7/29/2019 6:55:00 AM,1,PJM-RTO,,,ZONE,,19.640000,19.656685,0.000000,0.016685
7/29/2019 11:00:00 AM,7/29/2019 7:00:00 AM,1,PJM-RTO,,,ZONE,,19.670000,19.685673,0.000000,0.015673
7/29/2019 11:05:00 AM,7/29/2019 7:05:00 AM,1,PJM-RTO,,,ZONE,,20.140000,20.158033,0.000000,0.018033
7/29/2019 11:10:00 AM,7/29/2019 7:10:00 AM,1,PJM-RTO,,,ZONE,,20.070000,20.081092,0.000000,0.011092
7/29/2019 11:15:00 AM,7/29/2019 7:15:00 AM,1,PJM-RTO,,,ZONE,,21.280000,21.296527,0.000000,0.016527
7/29/2019 11:20:00 AM,7/29/2019 7:20:00 AM,1,PJM-RTO,,,ZONE,,21.430000,21.446373,0.000000,0.016373
7/29/2019 11:25:00 AM,7/29/2019 7:25:00 AM,1,PJM-RTO,,,ZONE,,21.570000,21.585520,0.000000,0.015520
7/29/2019 11:30:00 AM,7/29/2019 7:30:00 AM,1,PJM-RTO,,,ZONE,,24.300000,24.311484,0.000000,0.011484
7/29/2019 11:35:00 AM,7/29/2019 7:35:00 AM,1,PJM-RTO,,,ZONE,,24.300000,24.311484,0.000000,0.011484
7/29/2019 11:40:00 AM,7/29/2019 7:40:00 AM,1,PJM-RTO,,,ZONE,,23.740000,23.754336,0.000000,0.014336
7/29/2019 11:45:00 AM,7/29/2019 7:45:00 AM,1,PJM-RTO,,,ZONE,,23.390000,23.406613,0.000000,0.016613
7/29/2019 11:50:00 AM,7/29/2019 7:50:00 AM,1,PJM-RTO,,,ZONE,,22.450000,22.460694,0.000000,0.010694
7/29/2019 11:55:00 AM,7/29/2019 7:55:00 AM,1,PJM-RTO,,,ZONE,,22.650000,22.663988,0.000000,0.013988
7/29/2019 12:00:00 PM,7/29/2019 8:00:00 AM,1,PJM-RTO,,,ZONE,,25.280000,25.297997,0.000000,0.017997
7/29/2019 12:05:00 PM,7/29/2019 8:05:00 AM,1,PJM-RTO,,,ZONE,,23.350000,23.364603,0.000000,0.014603
7/29/2019 12:10:00 PM,7/29/2019 8:10:00 AM,1,PJM-RTO,,,ZONE,,22.770000,22.787369,0.000000,0.017369
7/29/2019 12:15:00 PM,7/29/2019 8:15:00 AM,1,PJM-RTO,,,ZONE,,24.450000,24.466281,0.004005,0.012276
7/29/2019 12:20:00 PM,7/29/2019 8:20:00 AM,1,PJM-RTO,,,ZONE,,23.570000,23.584556,0.002255,0.012301
7/29/2019 12:25:00 PM,7/29/2019 8:25:00 AM,1,PJM-RTO,,,ZONE,,27.390000,27.430806,0.017898,0.022907
7/29/2019 12:30:00 PM,7/29/2019 8:30:00 AM,1,PJM-RTO,,,ZONE,,25.160000,25.190776,0.008791,0.021986
7/29/2019 12:35:00 PM,7/29/2019 8:35:00 AM,1,PJM-RTO,,,ZONE,,29.160000,29.216064,0.036718,0.019346
7/29/2019 12:40:00 PM,7/29/2019 8:40:00 AM,1,PJM-RTO,,,ZONE,,28.190000,28.220843,0.009893,0.020950
7/29/2019 12:45:00 PM,7/29/2019 8:45:00 AM,1,PJM-RTO,,,ZONE,,25.440000,25.457609,0.004166,0.013443
7/29/2019 12:50:00 PM,7/29/2019 8:50:00 AM,1,PJM-RTO,,,ZONE,,25.210000,25.233313,0.008217,0.015096
7/29/2019 12:55:00 PM,7/29/2019 8:55:00 AM,1,PJM-RTO,,,ZONE,,25.670000,25.700236,0.012339,0.017897
7/29/2019 1:00:00 PM,7/29/2019 9:00:00 AM,1,PJM-RTO,,,ZONE,,29.010000,29.263817,0.231428,0.022389
7/29/2019 1:05:00 PM,7/29/2019 9:05:00 AM,1,PJM-RTO,,,ZONE,,26.820000,27.041637,0.194512,0.027125
7/29/2019 1:10:00 PM,7/29/2019 9:10:00 AM,1,PJM-RTO,,,ZONE,,25.850000,25.893584,0.022308,0.021276
7/29/2019 1:15:00 PM,7/29/2019 9:15:00 AM,1,PJM-RTO,,,ZONE,,28.160000,28.222769,0.044059,0.018710
7/29/2019 1:20:00 PM,7/29/2019 9:20:00 AM,1,PJM-RTO,,,ZONE,,26.340000,26.379909,0.020406,0.019502
7/29/2019 1:25:00 PM,7/29/2019 9:25:00 AM,1,PJM-RTO,,,ZONE,,26.420000,26.441746,0.000000,0.021746
7/29/2019 1:30:00 PM,7/29/2019 9:30:00 AM,1,PJM-RTO,,,ZONE,,25.490000,25.509188,0.000000,0.019188
7/29/2019 1:35:00 PM,7/29/2019 9:35:00 AM,1,PJM-RTO,,,ZONE,,49.100000,49.143875,0.000000,0.043875
7/29/2019 1:40:00 PM,7/29/2019 9:40:00 AM,1,PJM-RTO,,,ZONE,,42.360000,42.391618,0.000000,0.031618
7/29/2019 1:45:00 PM,7/29/2019 9:45:00 AM,1,PJM-RTO,,,ZONE,,42.360000,42.391618,0.000000,0.031618
7/29/2019 1:50:00 PM,7/29/2019 9:50:00 AM,1,PJM-RTO,,,ZONE,,37.630000,37.668061,0.000000,0.038061
7/29/2019 1:55:00 PM,7/29/2019 9:55:00 AM,1,PJM-RTO,,,ZONE,,36.870000,36.896987,0.000000,0.026987
7/29/2019 2:00:00 PM,7/29/2019 10:00:00 AM,1,PJM-RTO,,,ZONE,,36.870000,36.906496,0.000000,0.036496
7/29/2019 2:05:00 PM,7/29/2019 10:05:00 AM,1,PJM-RTO,,,ZONE,,29.500000,29.531398,0.000000,0.031398
7/29/2019 2:10:00 PM,7/29/2019 10:10:00 AM,1,PJM-RTO,,,ZONE,,27.140000,27.162701,0.000000,0.022701
7/29/2019 2:15:00 PM,7/29/2019 10:15:00 AM,1,PJM-RTO,,,ZONE,,25.810000,25.831712,0.000000,0.021712
7/29/2019 2:20:00 PM,7/29/2019 10:20:00 AM,1,PJM-RTO,,,ZONE,,25.810000,25.831712,0.000000,0.021712
7/29/2019 2:25:00 PM,7/29/2019 10:25:00 AM,1,PJM-RTO,,,ZONE,,28.130000,28.148810,0.000000,0.018810
7/29/2019 2:30:00 PM,7/29/2019 10:30:00 AM,1,PJM-RTO,,,ZONE,,36.910000,36.942950,0.000000,0.032950
7/29/2019 2:35:00 PM,7/29/2019 10:35:00 AM,1,PJM-RTO,,,ZONE,,40.890000,40.919658,-0.000781,0.030439
7/29/2019 2:40:00 PM,7/29/2019 10:40:00 AM,1,PJM-RTO,,,ZONE,,54.490000,54.535978,-0.000574,0.046552
7/29/2019 2:45:00 PM,7/29/2019 10:45:00 AM,1,PJM-RTO,,,ZONE,,54.490000,54.535978,-0.000574,0.046552
7/29/2019 2:50:00 PM,7/29/2019 10:50:00 AM,1,PJM-RTO,,,ZONE,,49.230000,49.567639,0.289337,0.048302
7/29/2019 2:55:00 PM,7/29/2019 10:55:00 AM,1,PJM-RTO,,,ZONE,,40.680000,41.009238,0.292765,0.036474
7/29/2019 3:00:00 PM,7/29/2019 11:00:00 AM,1,PJM-RTO,,,ZONE,,34.300000,34.639007,0.299962,0.039045
7/29/2019 3:05:00 PM,7/29/2019 11:05:00 AM,1,PJM-RTO,,,ZONE,,34.090000,34.403940,0.284387,0.029553
7/29/2019 3:10:00 PM,7/29/2019 11:10:00 AM,1,PJM-RTO,,,ZONE,,48.050000,48.386176,0.290304,0.045872
7/29/2019 3:15:00 PM,7/29/2019 11:15:00 AM,1,PJM-RTO,,,ZONE,,62.400000,62.775720,0.314132,0.061588
7/29/2019 3:20:00 PM,7/29/2019 11:20:00 AM,1,PJM-RTO,,,ZONE,,40.600000,40.932616,0.293770,0.038845
7/29/2019 3:25:00 PM,7/29/2019 11:25:00 AM,1,PJM-RTO,,,ZONE,,49.340000,49.653731,0.269570,0.044160
7/29/2019 3:30:00 PM,7/29/2019 11:30:00 AM,1,PJM-RTO,,,ZONE,,53.900000,54.229563,0.278682,0.050880
7/29/2019 3:35:00 PM,7/29/2019 11:35:00 AM,1,PJM-RTO,,,ZONE,,52.770000,53.117530,0.296966,0.050564
7/29/2019 3:40:00 PM,7/29/2019 11:40:00 AM,1,PJM-RTO,,,ZONE,,52.770000,53.117530,0.296966,0.050564
7/29/2019 3:45:00 PM,7/29/2019 11:45:00 AM,1,PJM-RTO,,,ZONE,,52.780000,53.118210,0.282439,0.055770
7/29/2019 3:50:00 PM,7/29/2019 11:50:00 AM,1,PJM-RTO,,,ZONE,,52.780000,53.118210,0.282439,0.055770
7/29/2019 3:55:00 PM,7/29/2019 11:55:00 AM,1,PJM-RTO,,,ZONE,,37.250000,37.327795,0.045701,0.032095
7/29/2019 4:00:00 PM,7/29/2019 12:00:00 PM,1,PJM-RTO,,,ZONE,,56.950000,57.275243,0.270162,0.055081
7/29/2019 4:05:00 PM,7/29/2019 12:05:00 PM,1,PJM-RTO,,,ZONE,,56.950000,57.275243,0.270162,0.055081
7/29/2019 4:10:00 PM,7/29/2019 12:10:00 PM,1,PJM-RTO,,,ZONE,,47.050000,47.323043,0.229778,0.043265
7/29/2019 4:15:00 PM,7/29/2019 12:15:00 PM,1,PJM-RTO,,,ZONE,,47.050000,47.323043,0.229778,0.043265
7/29/2019 4:20:00 PM,7/29/2019 12:20:00 PM,1,PJM-RTO,,,ZONE,,47.050000,47.323043,0.229778,0.043265
7/29/2019 4:25:00 PM,7/29/2019 12:25:00 PM,1,PJM-RTO,,,ZONE,,29.530000,29.566942,0.012527,0.024415
7/29/2019 4:30:00 PM,7/29/2019 12:30:00 PM,1,PJM-RTO,,,ZONE,,28.520000,28.547704,0.008358,0.019346
7/29/2019 4:35:00 PM,7/29/2019 12:35:00 PM,1,PJM-RTO,,,ZONE,,30.050000,30.083595,0.008444,0.025151
7/29/2019 4:40:00 PM,7/29/2019 12:40:00 PM,1,PJM-RTO,,,ZONE,,34.460000,34.496329,0.006324,0.030005
7/29/2019 4:45:00 PM,7/29/2019 12:45:00 PM,1,PJM-RTO,,,ZONE,,31.630000,31.676938,0.021570,0.025369
7/29/2019 4:50:00 PM,7/29/2019 12:50:00 PM,1,PJM-RTO,,,ZONE,,29.380000,29.423118,0.014741,0.028376
7/29/2019 4:55:00 PM,7/29/2019 12:55:00 PM,1,PJM-RTO,,,ZONE,,32.080000,32.130116,0.021787,0.028329
7/29/2019 5:00:00 PM,7/29/2019 1:00:00 PM,1,PJM-RTO,,,ZONE,,31.450000,31.510600,0.026303,0.034297
7/29/2019 5:05:00 PM,7/29/2019 1:05:00 PM,1,PJM-RTO,,,ZONE,,30.880000,30.944740,0.031994,0.032747
7/29/2019 5:10:00 PM,7/29/2019 1:10:00 PM,1,PJM-RTO,,,ZONE,,45.080000,45.208988,0.079565,0.049423
7/29/2019 5:15:00 PM,7/29/2019 1:15:00 PM,1,PJM-RTO,,,ZONE,,46.760000,46.931335,0.124035,0.047300
7/29/2019 5:20:00 PM,7/29/2019 1:20:00 PM,1,PJM-RTO,,,ZONE,,67.870000,68.097468,0.163709,0.063759
7/29/2019 5:25:00 PM,7/29/2019 1:25:00 PM,1,PJM-RTO,,,ZONE,,67.870000,68.097468,0.163709,0.063759
7/29/2019 5:30:00 PM,7/29/2019 1:30:00 PM,1,PJM-RTO,,,ZONE,,71.350000,71.536050,0.123447,0.062603
7/29/2019 5:35:00 PM,7/29/2019 1:35:00 PM,1,PJM-RTO,,,ZONE,,65.680000,65.840460,0.103929,0.056531
7/29/2019 5:40:00 PM,7/29/2019 1:40:00 PM,1,PJM-RTO,,,ZONE,,53.050000,53.203936,0.111006,0.042930
7/29/2019 5:45:00 PM,7/29/2019 1:45:00 PM,1,PJM-RTO,,,ZONE,,53.050000,53.203936,0.111006,0.042930
7/29/2019 5:50:00 PM,7/29/2019 1:50:00 PM,1,PJM-RTO,,,ZONE,,45.270000,45.391460,0.079029,0.042431
7/29/2019 5:55:00 PM,7/29/2019 1:55:00 PM,1,PJM-RTO,,,ZONE,,48.050000,48.165655,0.075813,0.039842
7/29/2019 6:00:00 PM,7/29/2019 2:00:00 PM,1,PJM-RTO,,,ZONE,,59.770000,59.943757,0.118356,0.055401
7/29/2019 6:05:00 PM,7/29/2019 2:05:00 PM,1,PJM-RTO,,,ZONE,,59.770000,59.943757,0.118356,0.055401
7/29/2019 6:10:00 PM,7/29/2019 2:10:00 PM,1,PJM-RTO,,,ZONE,,56.940000,57.110747,0.113946,0.056801
7/29/2019 6:15:00 PM,7/29/2019 2:15:00 PM,1,PJM-RTO,,,ZONE,,62.510000,62.716050,0.143796,0.062254
7/29/2019 6:20:00 PM,7/29/2019 2:20:00 PM,1,PJM-RTO,,,ZONE,,59.200000,59.395539,0.133639,0.061900
7/29/2019 6:25:00 PM,7/29/2019 2:25:00 PM,1,PJM-RTO,,,ZONE,,90.950000,91.367145,0.328223,0.088922
7/29/2019 6:30:00 PM,7/29/2019 2:30:00 PM,1,PJM-RTO,,,ZONE,,51.980000,52.130966,0.103717,0.047249
7/29/2019 6:35:00 PM,7/29/2019 2:35:00 PM,1,PJM-RTO,,,ZONE,,48.270000,48.404942,0.093803,0.041139
7/29/2019 6:40:00 PM,7/29/2019 2:40:00 PM,1,PJM-RTO,,,ZONE,,48.980000,49.138755,0.117995,0.040760
7/29/2019 6:45:00 PM,7/29/2019 2:45:00 PM,1,PJM-RTO,,,ZONE,,48.840000,48.992971,0.108059,0.044912
7/29/2019 6:50:00 PM,7/29/2019 2:50:00 PM,1,PJM-RTO,,,ZONE,,50.050000,50.201605,0.112194,0.039411
7/29/2019 6:55:00 PM,7/29/2019 2:55:00 PM,1,PJM-RTO,,,ZONE,,51.210000,51.290362,0.037846,0.042516
7/29/2019 7:00:00 PM,7/29/2019 3:00:00 PM,1,PJM-RTO,,,ZONE,,45.610000,45.727607,0.079683,0.037924
7/29/2019 7:05:00 PM,7/29/2019 3:05:00 PM,1,PJM-RTO,,,ZONE,,42.900000,42.979189,0.044061,0.035129
7/29/2019 7:10:00 PM,7/29/2019 3:10:00 PM,1,PJM-RTO,,,ZONE,,44.050000,44.133612,0.044283,0.039329
7/29/2019 7:15:00 PM,7/29/2019 3:15:00 PM,1,PJM-RTO,,,ZONE,,42.520000,42.620335,0.070373,0.029962
7/29/2019 7:20:00 PM,7/29/2019 3:20:00 PM,1,PJM-RTO,,,ZONE,,57.700000,58.089378,0.340172,0.049206
7/29/2019 7:25:00 PM,7/29/2019 3:25:00 PM,1,PJM-RTO,,,ZONE,,69.910000,70.279575,0.306600,0.062975
7/29/2019 7:30:00 PM,7/29/2019 3:30:00 PM,1,PJM-RTO,,,ZONE,,71.800000,72.235583,0.370599,0.064984
7/29/2019 7:35:00 PM,7/29/2019 3:35:00 PM,1,PJM-RTO,,,ZONE,,62.710000,62.896496,0.130020,0.056475
7/29/2019 7:40:00 PM,7/29/2019 3:40:00 PM,1,PJM-RTO,,,ZONE,,70.190000,70.389269,0.137213,0.062056
7/29/2019 7:45:00 PM,7/29/2019 3:45:00 PM,1,PJM-RTO,,,ZONE,,66.650000,66.852886,0.143916,0.058970
7/29/2019 7:50:00 PM,7/29/2019 3:50:00 PM,1,PJM-RTO,,,ZONE,,65.320000,65.512575,0.129938,0.062637
7/29/2019 7:55:00 PM,7/29/2019 3:55:00 PM,1,PJM-RTO,,,ZONE,,88.370000,88.760521,0.306764,0.083757
7/29/2019 8:00:00 PM,7/29/2019 4:00:00 PM,1,PJM-RTO,,,ZONE,,50.970000,51.125347,0.109109,0.046239
7/29/2019 8:05:00 PM,7/29/2019 4:05:00 PM,1,PJM-RTO,,,ZONE,,63.220000,63.626911,0.343333,0.063578
7/29/2019 8:10:00 PM,7/29/2019 4:10:00 PM,1,PJM-RTO,,,ZONE,,60.740000,60.946014,0.148422,0.057592
7/29/2019 8:15:00 PM,7/29/2019 4:15:00 PM,1,PJM-RTO,,,ZONE,,63.190000,63.411958,0.166631,0.055327
7/29/2019 8:20:00 PM,7/29/2019 4:20:00 PM,1,PJM-RTO,,,ZONE,,65.190000,65.388416,0.144596,0.053820
7/29/2019 8:25:00 PM,7/29/2019 4:25:00 PM,1,PJM-RTO,,,ZONE,,74.190000,74.632001,0.380353,0.061648
7/29/2019 8:30:00 PM,7/29/2019 4:30:00 PM,1,PJM-RTO,,,ZONE,,81.070000,81.548894,0.407013,0.071882
7/29/2019 8:35:00 PM,7/29/2019 4:35:00 PM,1,PJM-RTO,,,ZONE,,81.770000,82.220858,0.373883,0.076975
7/29/2019 8:40:00 PM,7/29/2019 4:40:00 PM,1,PJM-RTO,,,ZONE,,114.200000,114.649162,0.342818,0.106344
7/29/2019 8:45:00 PM,7/29/2019 4:45:00 PM,1,PJM-RTO,,,ZONE,,116.690000,117.171665,0.376337,0.105328
7/29/2019 8:50:00 PM,7/29/2019 4:50:00 PM,1,PJM-RTO,,,ZONE,,211.200000,211.746852,0.357414,0.189438
7/29/2019 8:55:00 PM,7/29/2019 4:55:00 PM,1,PJM-RTO,,,ZONE,,251.810000,252.497919,0.476221,0.211698
7/29/2019 9:00:00 PM,7/29/2019 5:00:00 PM,1,PJM-RTO,,,ZONE,,126.350000,126.987386,0.520665,0.116721
7/29/2019 9:05:00 PM,7/29/2019 5:05:00 PM,1,PJM-RTO,,,ZONE,,123.080000,123.702750,0.502699,0.120051
7/29/2019 9:10:00 PM,7/29/2019 5:10:00 PM,1,PJM-RTO,,,ZONE,,107.400000,108.092212,0.588987,0.103225
7/29/2019 9:15:00 PM,7/29/2019 5:15:00 PM,1,PJM-RTO,,,ZONE,,48.030000,48.194250,0.114893,0.049357
7/29/2019 9:20:00 PM,7/29/2019 5:20:00 PM,1,PJM-RTO,,,ZONE,,43.790000,43.948330,0.116427,0.041903
7/29/2019 9:25:00 PM,7/29/2019 5:25:00 PM,1,PJM-RTO,,,ZONE,,44.610000,44.729549,0.081071,0.038478
7/29/2019 9:30:00 PM,7/29/2019 5:30:00 PM,1,PJM-RTO,,,ZONE,,47.360000,47.483474,0.088036,0.035438
7/29/2019 9:35:00 PM,7/29/2019 5:35:00 PM,1,PJM-RTO,,,ZONE,,63.050000,63.283726,0.176641,0.057084
7/29/2019 9:40:00 PM,7/29/2019 5:40:00 PM,1,PJM-RTO,,,ZONE,,63.050000,63.283726,0.176641,0.057084
7/29/2019 9:45:00 PM,7/29/2019 5:45:00 PM,1,PJM-RTO,,,ZONE,,62.020000,62.406731,0.333071,0.053660
7/29/2019 9:50:00 PM,7/29/2019 5:50:00 PM,1,PJM-RTO,,,ZONE,,51.520000,51.684151,0.118784,0.045367
7/29/2019 9:55:00 PM,7/29/2019 5:55:00 PM,1,PJM-RTO,,,ZONE,,50.560000,50.713635,0.104539,0.049097
7/29/2019 10:00:00 PM,7/29/2019 6:00:00 PM,1,PJM-RTO,,,ZONE,,76.750000,76.891908,0.093339,0.048569
7/29/2019 10:05:00 PM,7/29/2019 6:05:00 PM,1,PJM-RTO,,,ZONE,,76.750000,76.891908,0.093339,0.048569
7/29/2019 10:10:00 PM,7/29/2019 6:10:00 PM,1,PJM-RTO,,,ZONE,,59.140000,59.151934,-0.026050,0.037984
7/29/2019 10:15:00 PM,7/29/2019 6:15:00 PM,1,PJM-RTO,,,ZONE,,53.030000,53.091182,0.026739,0.034443
7/29/2019 10:20:00 PM,7/29/2019 6:20:00 PM,1,PJM-RTO,,,ZONE,,54.960000,55.051163,0.051635,0.039528
7/29/2019 10:25:00 PM,7/29/2019 6:25:00 PM,1,PJM-RTO,,,ZONE,,36.630000,36.655396,0.000599,0.024797
7/29/2019 10:30:00 PM,7/29/2019 6:30:00 PM,1,PJM-RTO,,,ZONE,,64.370000,64.500422,0.078375,0.052047
7/29/2019 10:35:00 PM,7/29/2019 6:35:00 PM,1,PJM-RTO,,,ZONE,,109.250000,109.437929,0.100606,0.087323
7/29/2019 10:40:00 PM,7/29/2019 6:40:00 PM,1,PJM-RTO,,,ZONE,,91.070000,91.289892,0.129730,0.090162
7/29/2019 10:45:00 PM,7/29/2019 6:45:00 PM,1,PJM-RTO,,,ZONE,,48.170000,48.236870,0.026164,0.040705
7/29/2019 10:50:00 PM,7/29/2019 6:50:00 PM,1,PJM-RTO,,,ZONE,,48.170000,48.236870,0.026164,0.040705
7/29/2019 10:55:00 PM,7/29/2019 6:55:00 PM,1,PJM-RTO,,,ZONE,,37.190000,37.200905,-0.026197,0.037102
7/29/2019 11:00:00 PM,7/29/2019 7:00:00 PM,1,PJM-RTO,,,ZONE,,36.300000,36.339694,0.016617,0.023077
7/29/2019 11:05:00 PM,7/29/2019 7:05:00 PM,1,PJM-RTO,,,ZONE,,36.300000,36.339694,0.016617,0.023077
7/29/2019 11:10:00 PM,7/29/2019 7:10:00 PM,1,PJM-RTO,,,ZONE,,37.360000,37.408019,0.018597,0.029421
7/29/2019 11:15:00 PM,7/29/2019 7:15:00 PM,1,PJM-RTO,,,ZONE,,42.690000,42.744552,0.017543,0.037009
7/29/2019 11:20:00 PM,7/29/2019 7:20:00 PM,1,PJM-RTO,,,ZONE,,36.320000,36.364909,0.016337,0.028572
7/29/2019 11:25:00 PM,7/29/2019 7:25:00 PM,1,PJM-RTO,,,ZONE,,36.390000,36.433131,0.017325,0.025807
7/29/2019 11:30:00 PM,7/29/2019 7:30:00 PM,1,PJM-RTO,,,ZONE,,31.060000,31.043496,-0.043311,0.026806
7/29/2019 11:35:00 PM,7/29/2019 7:35:00 PM,1,PJM-RTO,,,ZONE,,35.580000,35.626569,0.016090,0.030479
7/29/2019 11:40:00 PM,7/29/2019 7:40:00 PM,1,PJM-RTO,,,ZONE,,28.510000,28.540644,0.004653,0.025991
7/29/2019 11:45:00 PM,7/29/2019 7:45:00 PM,1,PJM-RTO,,,ZONE,,27.560000,27.581387,0.003428,0.017959
7/29/2019 11:50:00 PM,7/29/2019 7:50:00 PM,1,PJM-RTO,,,ZONE,,28.560000,28.594207,0.004690,0.029517
7/29/2019 11:55:00 PM,7/29/2019 7:55:00 PM,1,PJM-RTO,,,ZONE,,31.480000,31.516134,0.009091,0.027042
7/30/2019 12:00:00 AM,7/29/2019 8:00:00 PM,1,PJM-RTO,,,ZONE,,28.110000,28.142001,0.003248,0.028753
7/30/2019 12:05:00 AM,7/29/2019 8:05:00 PM,1,PJM-RTO,,,ZONE,,29.560000,29.592760,0.007393,0.025367
7/30/2019 12:10:00 AM,7/29/2019 8:10:00 PM,1,PJM-RTO,,,ZONE,,26.820000,26.840772,0.002983,0.017789
7/30/2019 12:15:00 AM,7/29/2019 8:15:00 PM,1,PJM-RTO,,,ZONE,,28.460000,28.493417,0.006253,0.027163
7/30/2019 12:20:00 AM,7/29/2019 8:20:00 PM,1,PJM-RTO,,,ZONE,,27.520000,27.546122,0.004223,0.021899
7/30/2019 12:25:00 AM,7/29/2019 8:25:00 PM,1,PJM-RTO,,,ZONE,,27.870000,27.903451,0.004461,0.028990
7/30/2019 12:30:00 AM,7/29/2019 8:30:00 PM,1,PJM-RTO,,,ZONE,,30.240000,30.281090,0.009613,0.031477
7/30/2019 12:35:00 AM,7/29/2019 8:35:00 PM,1,PJM-RTO,,,ZONE,,32.430000,32.475276,0.012307,0.032968
7/30/2019 12:40:00 AM,7/29/2019 8:40:00 PM,1,PJM-RTO,,,ZONE,,28.550000,28.577485,0.006584,0.020901
7/30/2019 12:45:00 AM,7/29/2019 8:45:00 PM,1,PJM-RTO,,,ZONE,,52.770000,52.955979,0.145518,0.040461
7/30/2019 12:50:00 AM,7/29/2019 8:50:00 PM,1,PJM-RTO,,,ZONE,,36.080000,36.119981,0.013315,0.026666
7/30/2019 12:55:00 AM,7/29/2019 8:55:00 PM,1,PJM-RTO,,,ZONE,,35.940000,35.980614,0.013790,0.026824
7/30/2019 1:00:00 AM,7/29/2019 9:00:00 PM,1,PJM-RTO,,,ZONE,,30.760000,30.788529,0.013708,0.014821
7/30/2019 1:05:00 AM,7/29/2019 9:05:00 PM,1,PJM-RTO,,,ZONE,,30.760000,30.788529,0.013708,0.014821
7/30/2019 1:10:00 AM,7/29/2019 9:10:00 PM,1,PJM-RTO,,,ZONE,,30.760000,30.788529,0.013708,0.014821
7/30/2019 1:15:00 AM,7/29/2019 9:15:00 PM,1,PJM-RTO,,,ZONE,,27.400000,27.420626,0.004983,0.015642
7/30/2019 1:20:00 AM,7/29/2019 9:20:00 PM,1,PJM-RTO,,,ZONE,,27.890000,27.910201,0.004467,0.015734
7/30/2019 1:25:00 AM,7/29/2019 9:25:00 PM,1,PJM-RTO,,,ZONE,,26.260000,26.282431,0.003381,0.019050
7/30/2019 1:30:00 AM,7/29/2019 9:30:00 PM,1,PJM-RTO,,,ZONE,,26.400000,26.426877,0.003691,0.023186
7/30/2019 1:35:00 AM,7/29/2019 9:35:00 PM,1,PJM-RTO,,,ZONE,,25.450000,25.466692,0.003560,0.013132
7/30/2019 1:40:00 AM,7/29/2019 9:40:00 PM,1,PJM-RTO,,,ZONE,,25.450000,25.466692,0.003560,0.013132
7/30/2019 1:45:00 AM,7/29/2019 9:45:00 PM,1,PJM-RTO,,,ZONE,,26.370000,26.387817,0.000000,0.017817
7/30/2019 1:50:00 AM,7/29/2019 9:50:00 PM,1,PJM-RTO,,,ZONE,,25.860000,25.883744,0.000000,0.023744
7/30/2019 1:55:00 AM,7/29/2019 9:55:00 PM,1,PJM-RTO,,,ZONE,,26.150000,26.176839,0.000000,0.026839
7/30/2019 2:00:00 AM,7/29/2019 10:00:00 PM,1,PJM-RTO,,,ZONE,,25.410000,25.422374,0.000000,0.012374
7/30/2019 2:05:00 AM,7/29/2019 10:05:00 PM,1,PJM-RTO,,,ZONE,,25.410000,25.422374,0.000000,0.012374
7/30/2019 2:10:00 AM,7/29/2019 10:10:00 PM,1,PJM-RTO,,,ZONE,,26.980000,26.997289,0.000000,0.017289
7/30/2019 2:15:00 AM,7/29/2019 10:15:00 PM,1,PJM-RTO,,,ZONE,,26.670000,26.687554,0.000000,0.017554
7/30/2019 2:20:00 AM,7/29/2019 10:20:00 PM,1,PJM-RTO,,,ZONE,,26.670000,26.687554,0.000000,0.017554
7/30/2019 2:25:00 AM,7/29/2019 10:25:00 PM,1,PJM-RTO,,,ZONE,,23.170000,23.184304,0.000000,0.014304
7/30/2019 2:30:00 AM,7/29/2019 10:30:00 PM,1,PJM-RTO,,,ZONE,,20.300000,20.317943,0.000000,0.017943
7/30/2019 2:35:00 AM,7/29/2019 10:35:00 PM,1,PJM-RTO,,,ZONE,,21.800000,21.814749,0.000000,0.014749
7/30/2019 2:40:00 AM,7/29/2019 10:40:00 PM,1,PJM-RTO,,,ZONE,,23.970000,23.993240,0.002952,0.020288
7/30/2019 2:45:00 AM,7/29/2019 10:45:00 PM,1,PJM-RTO,,,ZONE,,24.380000,24.402359,0.000000,0.022359
7/30/2019 2:50:00 AM,7/29/2019 10:50:00 PM,1,PJM-RTO,,,ZONE,,24.380000,24.402359,0.000000,0.022359
7/30/2019 2:55:00 AM,7/29/2019 10:55:00 PM,1,PJM-RTO,,,ZONE,,23.690000,23.712553,0.000000,0.022553
7/30/2019 3:00:00 AM,7/29/2019 11:00:00 PM,1,PJM-RTO,,,ZONE,,23.690000,23.709926,0.000000,0.019926
7/30/2019 3:05:00 AM,7/29/2019 11:05:00 PM,1,PJM-RTO,,,ZONE,,23.570000,23.589347,0.000000,0.019347
7/30/2019 3:10:00 AM,7/29/2019 11:10:00 PM,1,PJM-RTO,,,ZONE,,23.570000,23.589347,0.000000,0.019347
7/30/2019 3:15:00 AM,7/29/2019 11:15:00 PM,1,PJM-RTO,,,ZONE,,24.140000,24.151698,0.000000,0.011698
7/30/2019 3:20:00 AM,7/29/2019 11:20:00 PM,1,PJM-RTO,,,ZONE,,22.980000,22.998719,0.000000,0.018719
7/30/2019 3:25:00 AM,7/29/2019 11:25:00 PM,1,PJM-RTO,,,ZONE,,22.980000,22.998719,0.000000,0.018719
7/30/2019 3:30:00 AM,7/29/2019 11:30:00 PM,1,PJM-RTO,,,ZONE,,21.580000,21.593325,0.000000,0.013325
7/30/2019 3:35:00 AM,7/29/2019 11:35:00 PM,1,PJM-RTO,,,ZONE,,22.900000,22.919948,0.000000,0.019948
7/30/2019 3:40:00 AM,7/29/2019 11:40:00 PM,1,PJM-RTO,,,ZONE,,22.900000,22.919948,0.000000,0.019948
7/30/2019 3:45:00 AM,7/29/2019 11:45:00 PM,1,PJM-RTO,,,ZONE,,23.450000,23.466690,0.000000,0.016690
7/30/2019 3:50:00 AM,7/29/2019 11:50:00 PM,1,PJM-RTO,,,ZONE,,23.320000,23.338491,0.000000,0.018491
7/30/2019 3:55:00 AM,7/29/2019 11:55:00 PM,1,PJM-RTO,,,ZONE,,22.830000,22.846675,0.000000,0.016675
7/30/2019 4:00:00 AM,7/30/2019 12:00:00 AM,1,PJM-RTO,,,ZONE,,22.790000,22.805925,0.000000,0.015925
7/30/2019 4:05:00 AM,7/30/2019 12:05:00 AM,1,PJM-RTO,,,ZONE,,22.790000,22.805925,0.000000,0.015925
7/30/2019 4:10:00 AM,7/30/2019 12:10:00 AM,1,PJM-RTO,,,ZONE,,23.380000,23.399552,0.000000,0.019552
7/30/2019 4:15:00 AM,7/30/2019 12:15:00 AM,1,PJM-RTO,,,ZONE,,23.120000,23.136507,0.000000,0.016507
7/30/2019 4:20:00 AM,7/30/2019 12:20:00 AM,1,PJM-RTO,,,ZONE,,23.220000,23.241050,0.000000,0.021050
7/30/2019 4:25:00 AM,7/30/2019 12:25:00 AM,1,PJM-RTO,,,ZONE,,22.970000,22.986523,0.000000,0.016523
7/30/2019 4:30:00 AM,7/30/2019 12:30:00 AM,1,PJM-RTO,,,ZONE,,20.960000,20.970713,0.000000,0.010713
7/30/2019 4:35:00 AM,7/30/2019 12:35:00 AM,1,PJM-RTO,,,ZONE,,19.750000,19.765494,0.000000,0.015494
7/30/2019 4:40:00 AM,7/30/2019 12:40:00 AM,1,PJM-RTO,,,ZONE,,18.210000,18.220080,0.000000,0.010080
7/30/2019 4:45:00 AM,7/30/2019 12:45:00 AM,1,PJM-RTO,,,ZONE,,19.440000,19.455339,0.000000,0.015339
7/30/2019 4:50:00 AM,7/30/2019 12:50:00 AM,1,PJM-RTO,,,ZONE,,20.990000,21.006393,0.000000,0.016393
7/30/2019 4:55:00 AM,7/30/2019 12:55:00 AM,1,PJM-RTO,,,ZONE,,19.730000,19.748123,0.000000,0.018123
7/30/2019 5:00:00 AM,7/30/2019 1:00:00 AM,1,PJM-RTO,,,ZONE,,19.730000,19.749170,0.000000,0.019170
7/30/2019 5:05:00 AM,7/30/2019 1:05:00 AM,1,PJM-RTO,,,ZONE,,20.500000,20.516685,0.000000,0.016685
7/30/2019 5:10:00 AM,7/30/2019 1:10:00 AM,1,PJM-RTO,,,ZONE,,19.620000,19.638490,0.000000,0.018490
7/30/2019 5:15:00 AM,7/30/2019 1:15:00 AM,1,PJM-RTO,,,ZONE,,19.620000,19.638490,0.000000,0.018490
7/30/2019 5:20:00 AM,7/30/2019 1:20:00 AM,1,PJM-RTO,,,ZONE,,20.620000,20.636280,0.000000,0.016280
7/30/2019 5:25:00 AM,7/30/2019 1:25:00 AM,1,PJM-RTO,,,ZONE,,18.830000,18.850249,0.000000,0.020249
7/30/2019 5:30:00 AM,7/30/2019 1:30:00 AM,1,PJM-RTO,,,ZONE,,18.830000,18.850249,0.000000,0.020249
7/30/2019 5:35:00 AM,7/30/2019 1:35:00 AM,1,PJM-RTO,,,ZONE,,18.810000,18.819003,0.000000,0.009003
7/30/2019 5:40:00 AM,7/30/2019 1:40:00 AM,1,PJM-RTO,,,ZONE,,19.420000,19.429718,0.000000,0.009718
7/30/2019 5:45:00 AM,7/30/2019 1:45:00 AM,1,PJM-RTO,,,ZONE,,18.440000,18.458175,0.000000,0.018175
7/30/2019 5:50:00 AM,7/30/2019 1:50:00 AM,1,PJM-RTO,,,ZONE,,18.760000,18.774939,0.000000,0.014939
7/30/2019 5:55:00 AM,7/30/2019 1:55:00 AM,1,PJM-RTO,,,ZONE,,18.220000,18.228110,0.000000,0.008110
7/30/2019 6:00:00 AM,7/30/2019 2:00:00 AM,1,PJM-RTO,,,ZONE,,16.760000,16.770204,0.000000,0.010204
7/30/2019 6:05:00 AM,7/30/2019 2:05:00 AM,1,PJM-RTO,,,ZONE,,19.100000,19.114119,0.000000,0.014119
7/30/2019 6:10:00 AM,7/30/2019 2:10:00 AM,1,PJM-RTO,,,ZONE,,18.410000,18.419711,0.000000,0.009711
7/30/2019 6:15:00 AM,7/30/2019 2:15:00 AM,1,PJM-RTO,,,ZONE,,18.230000,18.245285,0.000000,0.015285
7/30/2019 6:20:00 AM,7/30/2019 2:20:00 AM,1,PJM-RTO,,,ZONE,,18.820000,18.837749,0.000000,0.017749
7/30/2019 6:25:00 AM,7/30/2019 2:25:00 AM,1,PJM-RTO,,,ZONE,,18.820000,18.837749,0.000000,0.017749
7/30/2019 6:30:00 AM,7/30/2019 2:30:00 AM,1,PJM-RTO,,,ZONE,,18.770000,18.783646,0.000000,0.013646
7/30/2019 6:35:00 AM,7/30/2019 2:35:00 AM,1,PJM-RTO,,,ZONE,,17.990000,18.005184,0.000000,0.015184
7/30/2019 6:40:00 AM,7/30/2019 2:40:00 AM,1,PJM-RTO,,,ZONE,,16.500000,16.515146,0.000000,0.015146
7/30/2019 6:45:00 AM,7/30/2019 2:45:00 AM,1,PJM-RTO,,,ZONE,,17.450000,17.462379,0.000000,0.012379
7/30/2019 6:50:00 AM,7/30/2019 2:50:00 AM,1,PJM-RTO,,,ZONE,,17.450000,17.462379,0.000000,0.012379
7/30/2019 6:55:00 AM,7/30/2019 2:55:00 AM,1,PJM-RTO,,,ZONE,,17.430000,17.437937,0.000000,0.007937
7/30/2019 7:00:00 AM,7/30/2019 3:00:00 AM,1,PJM-RTO,,,ZONE,,17.430000,17.439597,0.000000,0.009597
7/30/2019 7:05:00 AM,7/30/2019 3:05:00 AM,1,PJM-RTO,,,ZONE,,17.910000,17.920043,0.000000,0.010043
7/30/2019 7:10:00 AM,7/30/2019 3:10:00 AM,1,PJM-RTO,,,ZONE,,17.910000,17.920043,0.000000,0.010043
7/30/2019 7:15:00 AM,7/30/2019 3:15:00 AM,1,PJM-RTO,,,ZONE,,18.040000,18.054138,0.000000,0.014138
7/30/2019 7:20:00 AM,7/30/2019 3:20:00 AM,1,PJM-RTO,,,ZONE,,18.050000,18.063691,0.000000,0.013691
7/30/2019 7:25:00 AM,7/30/2019 3:25:00 AM,1,PJM-RTO,,,ZONE,,18.020000,18.036888,0.000000,0.016888
7/30/2019 7:30:00 AM,7/30/2019 3:30:00 AM,1,PJM-RTO,,,ZONE,,17.590000,17.603462,0.000000,0.013462
7/30/2019 7:35:00 AM,7/30/2019 3:35:00 AM,1,PJM-RTO,,,ZONE,,18.060000,18.068837,0.000000,0.008837
7/30/2019 7:40:00 AM,7/30/2019 3:40:00 AM,1,PJM-RTO,,,ZONE,,17.600000,17.608897,0.000000,0.008897
7/30/2019 7:45:00 AM,7/30/2019 3:45:00 AM,1,PJM-RTO,,,ZONE,,15.380000,15.393376,0.000000,0.013376
7/30/2019 7:50:00 AM,7/30/2019 3:50:00 AM,1,PJM-RTO,,,ZONE,,15.490000,15.499773,0.000000,0.009773
7/30/2019 7:55:00 AM,7/30/2019 3:55:00 AM,1,PJM-RTO,,,ZONE,,17.370000,17.378185,0.000000,0.008185
7/30/2019 8:00:00 AM,7/30/2019 4:00:00 AM,1,PJM-RTO,,,ZONE,,17.370000,17.379891,0.000000,0.009891
7/30/2019 8:05:00 AM,7/30/2019 4:05:00 AM,1,PJM-RTO,,,ZONE,,17.650000,17.658768,0.000000,0.008768
7/30/2019 8:10:00 AM,7/30/2019 4:10:00 AM,1,PJM-RTO,,,ZONE,,17.650000,17.658768,0.000000,0.008768
7/30/2019 8:15:00 AM,7/30/2019 4:15:00 AM,1,PJM-RTO,,,ZONE,,17.700000,17.717204,0.000000,0.017204
7/30/2019 8:20:00 AM,7/30/2019 4:20:00 AM,1,PJM-RTO,,,ZONE,,18.490000,18.500339,0.000000,0.010339
7/30/2019 8:25:00 AM,7/30/2019 4:25:00 AM,1,PJM-RTO,,,ZONE,,18.580000,18.591479,0.000000,0.011479
7/30/2019 8:30:00 AM,7/30/2019 4:30:00 AM,1,PJM-RTO,,,ZONE,,18.230000,18.242064,0.000000,0.012064
7/30/2019 8:35:00 AM,7/30/2019 4:35:00 AM,1,PJM-RTO,,,ZONE,,18.620000,18.635505,0.000000,0.015505
7/30/2019 8:40:00 AM,7/30/2019 4:40:00 AM,1,PJM-RTO,,,ZONE,,19.290000,19.304533,0.000000,0.014533
7/30/2019 8:45:00 AM,7/30/2019 4:45:00 AM,1,PJM-RTO,,,ZONE,,19.290000,19.303772,0.000000,0.013772
7/30/2019 8:50:00 AM,7/30/2019 4:50:00 AM,1,PJM-RTO,,,ZONE,,19.160000,19.176304,0.000000,0.016304
7/30/2019 8:55:00 AM,7/30/2019 4:55:00 AM,1,PJM-RTO,,,ZONE,,18.970000,18.980385,0.000000,0.010385
7/30/2019 9:00:00 AM,7/30/2019 5:00:00 AM,1,PJM-RTO,,,ZONE,,18.690000,18.707200,0.000000,0.017200
7/30/2019 9:05:00 AM,7/30/2019 5:05:00 AM,1,PJM-RTO,,,ZONE,,18.690000,18.707200,0.000000,0.017200
7/30/2019 9:10:00 AM,7/30/2019 5:10:00 AM,1,PJM-RTO,,,ZONE,,19.410000,19.425946,0.000000,0.015946
7/30/2019 9:15:00 AM,7/30/2019 5:15:00 AM,1,PJM-RTO,,,ZONE,,19.990000,20.001843,0.000000,0.011843
7/30/2019 9:20:00 AM,7/30/2019 5:20:00 AM,1,PJM-RTO,,,ZONE,,20.860000,20.873654,0.000000,0.013654
7/30/2019 9:25:00 AM,7/30/2019 5:25:00 AM,1,PJM-RTO,,,ZONE,,19.690000,19.707322,0.000000,0.017322
7/30/2019 9:30:00 AM,7/30/2019 5:30:00 AM,1,PJM-RTO,,,ZONE,,19.300000,19.314833,0.000237,0.014595
7/30/2019 9:35:00 AM,7/30/2019 5:35:00 AM,1,PJM-RTO,,,ZONE,,19.440000,19.457656,-0.000719,0.018375
7/30/2019 9:40:00 AM,7/30/2019 5:40:00 AM,1,PJM-RTO,,,ZONE,,19.260000,19.278091,0.000706,0.017385
7/30/2019 9:45:00 AM,7/30/2019 5:45:00 AM,1,PJM-RTO,,,ZONE,,19.100000,19.116571,-0.000231,0.016803
7/30/2019 9:50:00 AM,7/30/2019 5:50:00 AM,1,PJM-RTO,,,ZONE,,20.890000,20.906718,0.000613,0.016105
7/30/2019 9:55:00 AM,7/30/2019 5:55:00 AM,1,PJM-RTO,,,ZONE,,20.850000,20.862498,0.000732,0.011766
7/30/2019 10:00:00 AM,7/30/2019 6:00:00 AM,1,PJM-RTO,,,ZONE,,20.950000,20.969712,0.000231,0.019481
7/30/2019 10:05:00 AM,7/30/2019 6:05:00 AM,1,PJM-RTO,,,ZONE,,21.090000,21.100809,-0.000149,0.010957
7/30/2019 10:10:00 AM,7/30/2019 6:10:00 AM,1,PJM-RTO,,,ZONE,,20.010000,20.029047,-0.000440,0.019488
7/30/2019 10:15:00 AM,7/30/2019 6:15:00 AM,1,PJM-RTO,,,ZONE,,20.440000,20.457852,-0.000807,0.018660
7/30/2019 10:20:00 AM,7/30/2019 6:20:00 AM,1,PJM-RTO,,,ZONE,,19.850000,19.860232,0.000063,0.010168
7/30/2019 10:25:00 AM,7/30/2019 6:25:00 AM,1,PJM-RTO,,,ZONE,,19.850000,19.860232,0.000063,0.010168
7/30/2019 10:30:00 AM,7/30/2019 6:30:00 AM,1,PJM-RTO,,,ZONE,,20.130000,20.149187,0.000299,0.018888
7/30/2019 10:35:00 AM,7/30/2019 6:35:00 AM,1,PJM-RTO,,,ZONE,,19.650000,19.662530,0.000118,0.012412
7/30/2019 10:40:00 AM,7/30/2019 6:40:00 AM,1,PJM-RTO,,,ZONE,,19.430000,19.441797,0.000355,0.011442
7/30/2019 10:45:00 AM,7/30/2019 6:45:00 AM,1,PJM-RTO,,,ZONE,,18.890000,18.906805,0.000326,0.016479
7/30/2019 10:50:00 AM,7/30/2019 6:50:00 AM,1,PJM-RTO,,,ZONE,,19.910000,19.926340,0.000775,0.015565
7/30/2019 10:55:00 AM,7/30/2019 6:55:00 AM,1,PJM-RTO,,,ZONE,,19.510000,19.523385,-0.000035,0.013420
7/30/2019 11:00:00 AM,7/30/2019 7:00:00 AM,1,PJM-RTO,,,ZONE,,20.230000,20.249195,0.000876,0.018319
7/30/2019 11:05:00 AM,7/30/2019 7:05:00 AM,1,PJM-RTO,,,ZONE,,21.250000,21.267979,0.000840,0.017139
7/30/2019 11:10:00 AM,7/30/2019 7:10:00 AM,1,PJM-RTO,,,ZONE,,22.190000,22.204371,0.000680,0.013692
7/30/2019 11:15:00 AM,7/30/2019 7:15:00 AM,1,PJM-RTO,,,ZONE,,22.640000,22.662699,0.001109,0.021591
7/30/2019 11:20:00 AM,7/30/2019 7:20:00 AM,1,PJM-RTO,,,ZONE,,23.300000,23.316414,-0.000378,0.016792
7/30/2019 11:25:00 AM,7/30/2019 7:25:00 AM,1,PJM-RTO,,,ZONE,,22.020000,22.039677,-0.000339,0.020017
7/30/2019 11:30:00 AM,7/30/2019 7:30:00 AM,1,PJM-RTO,,,ZONE,,21.720000,21.731193,0.000000,0.011193
7/30/2019 11:35:00 AM,7/30/2019 7:35:00 AM,1,PJM-RTO,,,ZONE,,21.200000,21.213036,0.000348,0.012688
7/30/2019 11:40:00 AM,7/30/2019 7:40:00 AM,1,PJM-RTO,,,ZONE,,21.410000,21.427997,0.000568,0.017429
7/30/2019 11:45:00 AM,7/30/2019 7:45:00 AM,1,PJM-RTO,,,ZONE,,22.070000,22.082332,0.000000,0.012332
7/30/2019 11:50:00 AM,7/30/2019 7:50:00 AM,1,PJM-RTO,,,ZONE,,21.840000,21.856855,-0.000041,0.016896
7/30/2019 11:55:00 AM,7/30/2019 7:55:00 AM,1,PJM-RTO,,,ZONE,,23.260000,23.280370,0.000000,0.020370
7/30/2019 12:00:00 PM,7/30/2019 8:00:00 AM,1,PJM-RTO,,,ZONE,,22.400000,22.413636,0.000878,0.012759
7/30/2019 12:05:00 PM,7/30/2019 8:05:00 AM,1,PJM-RTO,,,ZONE,,22.400000,22.416046,0.000913,0.015133
7/30/2019 12:10:00 PM,7/30/2019 8:10:00 AM,1,PJM-RTO,,,ZONE,,22.400000,22.416046,0.000913,0.015133
7/30/2019 12:15:00 PM,7/30/2019 8:15:00 AM,1,PJM-RTO,,,ZONE,,22.420000,22.437358,-0.000138,0.017496
7/30/2019 12:20:00 PM,7/30/2019 8:20:00 AM,1,PJM-RTO,,,ZONE,,23.240000,23.261210,0.000258,0.020952
7/30/2019 12:25:00 PM,7/30/2019 8:25:00 AM,1,PJM-RTO,,,ZONE,,24.190000,24.207350,0.000896,0.016454
7/30/2019 12:30:00 PM,7/30/2019 8:30:00 AM,1,PJM-RTO,,,ZONE,,24.070000,24.088355,0.001033,0.017322
7/30/2019 12:35:00 PM,7/30/2019 8:35:00 AM,1,PJM-RTO,,,ZONE,,24.400000,24.423929,0.000000,0.023929
7/30/2019 12:40:00 PM,7/30/2019 8:40:00 AM,1,PJM-RTO,,,ZONE,,25.710000,25.728169,0.000015,0.018154
7/30/2019 12:45:00 PM,7/30/2019 8:45:00 AM,1,PJM-RTO,,,ZONE,,28.760000,28.786512,-0.000906,0.027418
7/30/2019 12:50:00 PM,7/30/2019 8:50:00 AM,1,PJM-RTO,,,ZONE,,28.760000,28.786512,-0.000906,0.027418
7/30/2019 12:55:00 PM,7/30/2019 8:55:00 AM,1,PJM-RTO,,,ZONE,,24.860000,24.875130,-0.001047,0.016177
7/30/2019 1:00:00 PM,7/30/2019 9:00:00 AM,1,PJM-RTO,,,ZONE,,26.350000,26.373892,0.000000,0.023892
7/30/2019 1:05:00 PM,7/30/2019 9:05:00 AM,1,PJM-RTO,,,ZONE,,25.830000,25.857593,0.000000,0.027593
7/30/2019 1:10:00 PM,7/30/2019 9:10:00 AM,1,PJM-RTO,,,ZONE,,24.620000,24.643292,0.000000,0.023292
7/30/2019 1:15:00 PM,7/30/2019 9:15:00 AM,1,PJM-RTO,,,ZONE,,24.620000,24.645413,0.000000,0.025413
7/30/2019 1:20:00 PM,7/30/2019 9:20:00 AM,1,PJM-RTO,,,ZONE,,24.980000,25.003296,0.000000,0.023296
7/30/2019 1:25:00 PM,7/30/2019 9:25:00 AM,1,PJM-RTO,,,ZONE,,24.600000,24.617277,0.000000,0.017277
7/30/2019 1:30:00 PM,7/30/2019 9:30:00 AM,1,PJM-RTO,,,ZONE,,25.490000,25.511880,0.000000,0.021880
7/30/2019 1:35:00 PM,7/30/2019 9:35:00 AM,1,PJM-RTO,,,ZONE,,26.280000,26.302375,0.000000,0.022375
7/30/2019 1:40:00 PM,7/30/2019 9:40:00 AM,1,PJM-RTO,,,ZONE,,26.690000,26.713872,0.000000,0.023872
7/30/2019 1:45:00 PM,7/30/2019 9:45:00 AM,1,PJM-RTO,,,ZONE,,27.160000,27.184779,0.000000,0.024779
7/30/2019 1:50:00 PM,7/30/2019 9:50:00 AM,1,PJM-RTO,,,ZONE,,27.090000,27.112194,0.000000,0.022194
7/30/2019 1:55:00 PM,7/30/2019 9:55:00 AM,1,PJM-RTO,,,ZONE,,26.290000,26.313333,0.000000,0.023333
7/30/2019 2:00:00 PM,7/30/2019 10:00:00 AM,1,PJM-RTO,,,ZONE,,26.380000,26.407164,0.000000,0.027164
7/30/2019 2:05:00 PM,7/30/2019 10:05:00 AM,1,PJM-RTO,,,ZONE,,26.360000,26.384321,0.000000,0.024321
7/30/2019 2:10:00 PM,7/30/2019 10:10:00 AM,1,PJM-RTO,,,ZONE,,26.360000,26.384321,0.000000,0.024321
7/30/2019 2:15:00 PM,7/30/2019 10:15:00 AM,1,PJM-RTO,,,ZONE,,28.480000,28.504154,0.000000,0.024154
7/30/2019 2:20:00 PM,7/30/2019 10:20:00 AM,1,PJM-RTO,,,ZONE,,27.840000,27.862881,0.000000,0.022881
7/30/2019 2:25:00 PM,7/30/2019 10:25:00 AM,1,PJM-RTO,,,ZONE,,28.740000,28.763734,0.000000,0.023734
7/30/2019 2:30:00 PM,7/30/2019 10:30:00 AM,1,PJM-RTO,,,ZONE,,26.690000,26.714419,0.000000,0.024419
7/30/2019 2:35:00 PM,7/30/2019 10:35:00 AM,1,PJM-RTO,,,ZONE,,29.070000,29.096082,0.000000,0.026082
7/30/2019 2:40:00 PM,7/30/2019 10:40:00 AM,1,PJM-RTO,,,ZONE,,27.340000,27.366078,0.000000,0.026078
7/30/2019 2:45:00 PM,7/30/2019 10:45:00 AM,1,PJM-RTO,,,ZONE,,27.420000,27.438113,0.000000,0.018113
7/30/2019 2:50:00 PM,7/30/2019 10:50:00 AM,1,PJM-RTO,,,ZONE,,27.420000,27.438113,0.000000,0.018113
7/30/2019 2:55:00 PM,7/30/2019 10:55:00 AM,1,PJM-RTO,,,ZONE,,26.160000,26.195162,0.009365,0.025798
7/30/2019 3:00:00 PM,7/30/2019 11:00:00 AM,1,PJM-RTO,,,ZONE,,27.720000,27.740932,-0.000302,0.021234
7/30/2019 3:05:00 PM,7/30/2019 11:05:00 AM,1,PJM-RTO,,,ZONE,,28.880000,28.912599,0.000000,0.032599
7/30/2019 3:10:00 PM,7/30/2019 11:10:00 AM,1,PJM-RTO,,,ZONE,,28.880000,28.912599,0.000000,0.032599
7/30/2019 3:15:00 PM,7/30/2019 11:15:00 AM,1,PJM-RTO,,,ZONE,,28.160000,28.191246,0.004387,0.026859
7/30/2019 3:20:00 PM,7/30/2019 11:20:00 AM,1,PJM-RTO,,,ZONE,,29.070000,29.111435,0.012665,0.028770
7/30/2019 3:25:00 PM,7/30/2019 11:25:00 AM,1,PJM-RTO,,,ZONE,,30.790000,30.831729,0.012453,0.029276
7/30/2019 3:30:00 PM,7/30/2019 11:30:00 AM,1,PJM-RTO,,,ZONE,,29.120000,29.153286,0.008520,0.024766
7/30/2019 3:35:00 PM,7/30/2019 11:35:00 AM,1,PJM-RTO,,,ZONE,,44.610000,44.642832,0.000000,0.032832
7/30/2019 3:40:00 PM,7/30/2019 11:40:00 AM,1,PJM-RTO,,,ZONE,,156.300000,156.431431,0.000000,0.131431
7/30/2019 3:45:00 PM,7/30/2019 11:45:00 AM,1,PJM-RTO,,,ZONE,,133.220000,133.354848,0.002491,0.132356
7/30/2019 3:50:00 PM,7/30/2019 11:50:00 AM,1,PJM-RTO,,,ZONE,,66.880000,66.994165,0.050229,0.063937
7/30/2019 3:55:00 PM,7/30/2019 11:55:00 AM,1,PJM-RTO,,,ZONE,,28.800000,28.833679,0.007092,0.026587
7/30/2019 4:00:00 PM,7/30/2019 12:00:00 PM,1,PJM-RTO,,,ZONE,,24.660000,24.682137,0.000000,0.022137
7/30/2019 4:05:00 PM,7/30/2019 12:05:00 PM,1,PJM-RTO,,,ZONE,,25.100000,25.118423,0.000000,0.018423
7/30/2019 4:10:00 PM,7/30/2019 12:10:00 PM,1,PJM-RTO,,,ZONE,,25.050000,25.068142,0.000000,0.018142
7/30/2019 4:15:00 PM,7/30/2019 12:15:00 PM,1,PJM-RTO,,,ZONE,,26.570000,26.591537,0.000000,0.021537
7/30/2019 4:20:00 PM,7/30/2019 12:20:00 PM,1,PJM-RTO,,,ZONE,,28.120000,28.074577,-0.069326,0.023903
7/30/2019 4:25:00 PM,7/30/2019 12:25:00 PM,1,PJM-RTO,,,ZONE,,26.270000,26.295004,0.000000,0.025004
7/30/2019 4:30:00 PM,7/30/2019 12:30:00 PM,1,PJM-RTO,,,ZONE,,30.110000,30.096752,-0.035702,0.022454
7/30/2019 4:35:00 PM,7/30/2019 12:35:00 PM,1,PJM-RTO,,,ZONE,,29.420000,29.450410,0.000000,0.030410
7/30/2019 4:40:00 PM,7/30/2019 12:40:00 PM,1,PJM-RTO,,,ZONE,,30.100000,30.126043,0.000000,0.026043
7/30/2019 4:45:00 PM,7/30/2019 12:45:00 PM,1,PJM-RTO,,,ZONE,,29.510000,29.538374,0.000000,0.028374
7/30/2019 4:50:00 PM,7/30/2019 12:50:00 PM,1,PJM-RTO,,,ZONE,,29.730000,29.734013,-0.020716,0.024729
7/30/2019 4:55:00 PM,7/30/2019 12:55:00 PM,1,PJM-RTO,,,ZONE,,30.020000,30.050175,0.001687,0.028488
7/30/2019 5:00:00 PM,7/30/2019 1:00:00 PM,1,PJM-RTO,,,ZONE,,35.410000,35.404338,-0.038707,0.033045
7/30/2019 5:05:00 PM,7/30/2019 1:05:00 PM,1,PJM-RTO,,,ZONE,,31.070000,31.062577,-0.039998,0.032575
7/30/2019 5:10:00 PM,7/30/2019 1:10:00 PM,1,PJM-RTO,,,ZONE,,28.630000,28.656678,0.000000,0.026678
7/30/2019 5:15:00 PM,7/30/2019 1:15:00 PM,1,PJM-RTO,,,ZONE,,29.510000,29.527600,-0.011757,0.029357
7/30/2019 5:20:00 PM,7/30/2019 1:20:00 PM,1,PJM-RTO,,,ZONE,,30.280000,30.310028,0.007214,0.022814
7/30/2019 5:25:00 PM,7/30/2019 1:25:00 PM,1,PJM-RTO,,,ZONE,,36.950000,37.015932,0.030529,0.035403
7/30/2019 5:30:00 PM,7/30/2019 1:30:00 PM,1,PJM-RTO,,,ZONE,,36.170000,36.211569,0.005674,0.035895
7/30/2019 5:35:00 PM,7/30/2019 1:35:00 PM,1,PJM-RTO,,,ZONE,,35.900000,35.944775,0.015255,0.029520
7/30/2019 5:40:00 PM,7/30/2019 1:40:00 PM,1,PJM-RTO,,,ZONE,,34.700000,34.754339,0.022124,0.032215
7/30/2019 5:45:00 PM,7/30/2019 1:45:00 PM,1,PJM-RTO,,,ZONE,,35.580000,35.614842,0.000000,0.034842
7/30/2019 5:50:00 PM,7/30/2019 1:50:00 PM,1,PJM-RTO,,,ZONE,,37.040000,37.114539,0.034424,0.040115
7/30/2019 5:55:00 PM,7/30/2019 1:55:00 PM,1,PJM-RTO,,,ZONE,,31.350000,31.383852,0.000000,0.033852
7/30/2019 6:00:00 PM,7/30/2019 2:00:00 PM,1,PJM-RTO,,,ZONE,,32.160000,32.180608,-0.009486,0.030094
7/30/2019 6:05:00 PM,7/30/2019 2:05:00 PM,1,PJM-RTO,,,ZONE,,32.160000,32.180608,-0.009486,0.030094
7/30/2019 6:10:00 PM,7/30/2019 2:10:00 PM,1,PJM-RTO,,,ZONE,,44.210000,44.241026,-0.004159,0.035185
7/30/2019 6:15:00 PM,7/30/2019 2:15:00 PM,1,PJM-RTO,,,ZONE,,47.930000,47.977969,0.002038,0.045931
7/30/2019 6:20:00 PM,7/30/2019 2:20:00 PM,1,PJM-RTO,,,ZONE,,45.140000,45.149766,-0.033209,0.042975
7/30/2019 6:25:00 PM,7/30/2019 2:25:00 PM,1,PJM-RTO,,,ZONE,,33.280000,33.328819,0.012677,0.036142
7/30/2019 6:30:00 PM,7/30/2019 2:30:00 PM,1,PJM-RTO,,,ZONE,,44.100000,44.123222,-0.019937,0.043159
7/30/2019 6:35:00 PM,7/30/2019 2:35:00 PM,1,PJM-RTO,,,ZONE,,45.860000,45.882283,-0.018199,0.040482
7/30/2019 6:40:00 PM,7/30/2019 2:40:00 PM,1,PJM-RTO,,,ZONE,,31.120000,31.150348,0.000000,0.030348
7/30/2019 6:45:00 PM,7/30/2019 2:45:00 PM,1,PJM-RTO,,,ZONE,,31.050000,31.079222,0.003725,0.025496
7/30/2019 6:50:00 PM,7/30/2019 2:50:00 PM,1,PJM-RTO,,,ZONE,,31.110000,31.144809,0.003477,0.031332
7/30/2019 6:55:00 PM,7/30/2019 2:55:00 PM,1,PJM-RTO,,,ZONE,,27.930000,27.962056,0.003926,0.028130
7/30/2019 7:00:00 PM,7/30/2019 3:00:00 PM,1,PJM-RTO,,,ZONE,,27.600000,27.629410,0.003371,0.026039
7/30/2019 7:05:00 PM,7/30/2019 3:05:00 PM,1,PJM-RTO,,,ZONE,,27.630000,27.663724,0.006853,0.026871
7/30/2019 7:10:00 PM,7/30/2019 3:10:00 PM,1,PJM-RTO,,,ZONE,,31.610000,31.742995,0.102843,0.030153
7/30/2019 7:15:00 PM,7/30/2019 3:15:00 PM,1,PJM-RTO,,,ZONE,,30.900000,31.033078,0.108643,0.024435
7/30/2019 7:20:00 PM,7/30/2019 3:20:00 PM,1,PJM-RTO,,,ZONE,,35.170000,35.302140,0.096139,0.036001
7/30/2019 7:25:00 PM,7/30/2019 3:25:00 PM,1,PJM-RTO,,,ZONE,,44.160000,44.288854,0.088829,0.040025
7/30/2019 7:30:00 PM,7/30/2019 3:30:00 PM,1,PJM-RTO,,,ZONE,,35.320000,35.441513,0.085984,0.035528
7/30/2019 7:35:00 PM,7/30/2019 3:35:00 PM,1,PJM-RTO,,,ZONE,,28.730000,28.755629,0.002998,0.022631
7/30/2019 7:40:00 PM,7/30/2019 3:40:00 PM,1,PJM-RTO,,,ZONE,,29.270000,29.302149,0.002763,0.029386
7/30/2019 7:45:00 PM,7/30/2019 3:45:00 PM,1,PJM-RTO,,,ZONE,,28.440000,28.461727,-0.000119,0.021846
7/30/2019 7:50:00 PM,7/30/2019 3:50:00 PM,1,PJM-RTO,,,ZONE,,28.410000,28.439156,0.002349,0.026807
7/30/2019 7:55:00 PM,7/30/2019 3:55:00 PM,1,PJM-RTO,,,ZONE,,30.580000,30.607833,0.001225,0.026607
7/30/2019 8:00:00 PM,7/30/2019 4:00:00 PM,1,PJM-RTO,,,ZONE,,29.320000,29.364833,0.008649,0.036184
7/30/2019 8:05:00 PM,7/30/2019 4:05:00 PM,1,PJM-RTO,,,ZONE,,39.240000,39.334017,0.043197,0.050821
7/30/2019 8:10:00 PM,7/30/2019 4:10:00 PM,1,PJM-RTO,,,ZONE,,39.120000,39.219480,0.053786,0.045694
7/30/2019 8:15:00 PM,7/30/2019 4:15:00 PM,1,PJM-RTO,,,ZONE,,30.380000,30.425334,0.013293,0.032041
7/30/2019 8:20:00 PM,7/30/2019 4:20:00 PM,1,PJM-RTO,,,ZONE,,39.600000,39.699291,0.052486,0.046805
7/30/2019 8:25:00 PM,7/30/2019 4:25:00 PM,1,PJM-RTO,,,ZONE,,37.670000,37.746104,0.035346,0.040758
7/30/2019 8:30:00 PM,7/30/2019 4:30:00 PM,1,PJM-RTO,,,ZONE,,31.340000,31.388269,0.011254,0.037016
7/30/2019 8:35:00 PM,7/30/2019 4:35:00 PM,1,PJM-RTO,,,ZONE,,43.790000,43.862320,0.034492,0.037828
7/30/2019 8:40:00 PM,7/30/2019 4:40:00 PM,1,PJM-RTO,,,ZONE,,42.470000,42.549075,0.038668,0.040407
7/30/2019 8:45:00 PM,7/30/2019 4:45:00 PM,1,PJM-RTO,,,ZONE,,33.480000,33.518461,0.008001,0.030460
7/30/2019 8:50:00 PM,7/30/2019 4:50:00 PM,1,PJM-RTO,,,ZONE,,33.480000,33.518461,0.008001,0.030460
7/30/2019 8:55:00 PM,7/30/2019 4:55:00 PM,1,PJM-RTO,,,ZONE,,33.480000,33.518461,0.008001,0.030460
7/30/2019 9:00:00 PM,7/30/2019 5:00:00 PM,1,PJM-RTO,,,ZONE,,33.480000,33.532284,0.013610,0.038673
7/30/2019 9:05:00 PM,7/30/2019 5:05:00 PM,1,PJM-RTO,,,ZONE,,32.410000,32.460326,0.016091,0.034235
7/30/2019 9:10:00 PM,7/30/2019 5:10:00 PM,1,PJM-RTO,,,ZONE,,32.410000,32.460326,0.016091,0.034235
7/30/2019 9:15:00 PM,7/30/2019 5:15:00 PM,1,PJM-RTO,,,ZONE,,32.810000,32.859138,0.011292,0.037846
7/30/2019 9:20:00 PM,7/30/2019 5:20:00 PM,1,PJM-RTO,,,ZONE,,33.990000,34.040091,0.014280,0.035810
7/30/2019 9:25:00 PM,7/30/2019 5:25:00 PM,1,PJM-RTO,,,ZONE,,40.420000,40.469558,0.005274,0.044284
7/30/2019 9:30:00 PM,7/30/2019 5:30:00 PM,1,PJM-RTO,,,ZONE,,42.910000,42.973977,0.018090,0.045887
7/30/2019 9:35:00 PM,7/30/2019 5:35:00 PM,1,PJM-RTO,,,ZONE,,30.490000,30.518324,0.004768,0.023557
7/30/2019 9:40:00 PM,7/30/2019 5:40:00 PM,1,PJM-RTO,,,ZONE,,42.140000,42.181286,0.007753,0.033533
7/30/2019 9:45:00 PM,7/30/2019 5:45:00 PM,1,PJM-RTO,,,ZONE,,32.470000,32.517834,0.012194,0.035640
7/30/2019 9:50:00 PM,7/30/2019 5:50:00 PM,1,PJM-RTO,,,ZONE,,30.370000,30.414673,0.018108,0.026566
7/30/2019 9:55:00 PM,7/30/2019 5:55:00 PM,1,PJM-RTO,,,ZONE,,32.510000,32.550400,0.012537,0.027863
7/30/2019 10:00:00 PM,7/30/2019 6:00:00 PM,1,PJM-RTO,,,ZONE,,31.820000,31.865339,0.013752,0.031587
7/30/2019 10:05:00 PM,7/30/2019 6:05:00 PM,1,PJM-RTO,,,ZONE,,28.680000,28.721692,0.012698,0.028994
7/30/2019 10:10:00 PM,7/30/2019 6:10:00 PM,1,PJM-RTO,,,ZONE,,28.680000,28.721760,0.012670,0.029090
7/30/2019 10:15:00 PM,7/30/2019 6:15:00 PM,1,PJM-RTO,,,ZONE,,28.680000,28.721760,0.012670,0.029090
7/30/2019 10:20:00 PM,7/30/2019 6:20:00 PM,1,PJM-RTO,,,ZONE,,30.070000,30.109809,0.005733,0.034075
7/30/2019 10:25:00 PM,7/30/2019 6:25:00 PM,1,PJM-RTO,,,ZONE,,31.340000,31.378246,0.005339,0.032907
7/30/2019 10:30:00 PM,7/30/2019 6:30:00 PM,1,PJM-RTO,,,ZONE,,31.410000,31.439844,0.005300,0.024544
7/30/2019 10:35:00 PM,7/30/2019 6:35:00 PM,1,PJM-RTO,,,ZONE,,30.230000,30.267605,0.004823,0.032782
7/30/2019 10:40:00 PM,7/30/2019 6:40:00 PM,1,PJM-RTO,,,ZONE,,31.320000,31.354470,0.005022,0.029448
7/30/2019 10:45:00 PM,7/30/2019 6:45:00 PM,1,PJM-RTO,,,ZONE,,29.080000,29.117588,0.004762,0.032826
7/30/2019 10:50:00 PM,7/30/2019 6:50:00 PM,1,PJM-RTO,,,ZONE,,30.380000,30.412258,0.004834,0.027425
7/30/2019 10:55:00 PM,7/30/2019 6:55:00 PM,1,PJM-RTO,,,ZONE,,32.480000,32.511708,0.005116,0.026593
7/30/2019 11:00:00 PM,7/30/2019 7:00:00 PM,1,PJM-RTO,,,ZONE,,28.550000,28.581040,0.003888,0.027152
7/30/2019 11:05:00 PM,7/30/2019 7:05:00 PM,1,PJM-RTO,,,ZONE,,35.190000,35.227182,0.005953,0.031229
7/30/2019 11:10:00 PM,7/30/2019 7:10:00 PM,1,PJM-RTO,,,ZONE,,32.110000,32.141260,0.004743,0.026516
7/30/2019 11:15:00 PM,7/30/2019 7:15:00 PM,1,PJM-RTO,,,ZONE,,31.130000,31.161720,0.005361,0.026358
7/30/2019 11:20:00 PM,7/30/2019 7:20:00 PM,1,PJM-RTO,,,ZONE,,29.680000,29.704641,0.004932,0.019709
7/30/2019 11:25:00 PM,7/30/2019 7:25:00 PM,1,PJM-RTO,,,ZONE,,29.330000,29.361769,0.004850,0.026919
7/30/2019 11:30:00 PM,7/30/2019 7:30:00 PM,1,PJM-RTO,,,ZONE,,41.830000,41.872812,0.009201,0.033611
7/30/2019 11:35:00 PM,7/30/2019 7:35:00 PM,1,PJM-RTO,,,ZONE,,41.830000,41.872812,0.009201,0.033611
7/30/2019 11:40:00 PM,7/30/2019 7:40:00 PM,1,PJM-RTO,,,ZONE,,41.830000,41.872812,0.009201,0.033611
7/30/2019 11:45:00 PM,7/30/2019 7:45:00 PM,1,PJM-RTO,,,ZONE,,27.040000,27.073817,0.004139,0.029679
7/30/2019 11:50:00 PM,7/30/2019 7:50:00 PM,1,PJM-RTO,,,ZONE,,29.400000,29.434982,0.004601,0.030381
7/30/2019 11:55:00 PM,7/30/2019 7:55:00 PM,1,PJM-RTO,,,ZONE,,27.600000,27.633178,0.003699,0.029479