0,1,2,3
0.9999982876712329,0.0,0.0,41.27
0.9999965753424658,0.0,0.0,41.02
0.9999948630136987,0.0,0.0,30.71
0.9999931506849316,0.0,0.0,41.23
0.999895305738007,0.9,-0.9,42.49
0.9998936839176322,0.999895305738007,-0.09989530573800698,45.13
0.9998936839176322,0.9998936839176322,1.621820374775318e-06,47.23
0.9998919715888651,0.9998936839176322,0.0,53.45
0.9998919715888651,0.9998919715888651,1.7123287671116927e-06,69.57
0.999890259260098,0.9998919715888651,0.0,82.94
0.999890259260098,0.999890259260098,1.7123287671116927e-06,124.37
0.9998885469313309,0.999890259260098,0.0,135.45
0.9998885469313309,0.9998885469313309,1.7123287671116927e-06,150.78
0.9998868346025638,0.9998885469313309,0.0,150.83
0.9998868346025638,0.9998868346025638,1.7123287671116927e-06,159.71
0.9998851222737967,0.9998868346025638,0.0,150.8
0.9998851222737967,0.09988683460256376,0.9,126.05
0.9998851222737967,0.0,0.09988683460256376,115.52
0.9998834099450296,0.0,0.0,115.48
0.9998816976162624,0.0,0.0,86.18
0.9998799852874953,0.0,0.0,51.95
0.9998782729587282,0.0,0.0,46.24
0.9998765606299611,0.0,0.0,42.48
0.999874848301194,0.0,0.0,41.14
0.9998731359724269,0.0,0.0,40.13
0.9998714236436598,0.0,0.0,39.48
0.9998697113148927,0.0,0.0,30.85
0.9998679989861256,0.0,0.0,38.94
0.9998662866573584,0.0,0.0,41.53
0.9998645743285913,0.0,0.0,43.7
0.9998628619998242,0.0,0.0,44.97
0.9998611496710571,0.0,0.0,49.66
0.99985943734229,0.0,0.0,65.33
0.9998577250135229,0.0,0.0,84.65
0.9998560126847558,0.0,0.0,116.76
0.9998543003559887,0.0,0.0,132.38
0.9998525880272215,0.0,0.0,149.61
0.9998508756984544,0.0,0.0,158.45
0.9998491633696873,0.0,0.0,172.95
0.9998474510409202,0.0,0.0,158.54
0.9998457387121531,0.0,0.0,132.04
0.999844026383386,0.0,0.0,114.68
0.9998423140546189,0.0,0.0,84.42
0.9998406017258518,0.0,0.0,74.94
0.9998388893970847,0.0,0.0,48.18
0.9998371770683175,0.0,0.0,43.26
0.9998354647395504,0.0,0.0,41.88
0.9998337524107833,0.0,0.0,31.31
0.9998320400820162,0.0,0.0,28.21
0.9998303277532491,0.0,0.0,26.43
0.999828615424482,0.0,0.0,25.91
0.9998269030957149,0.0,0.0,29.5
0.9998251907669478,0.0,0.0,35.87
0.9998234784381806,0.0,0.0,42.57
0.9998217661094135,0.0,0.0,43.6
0.9998200537806464,0.0,0.0,45.1
0.9998183414518793,0.0,0.0,45.37
0.9998166291231122,0.0,0.0,47.94
0.9998149167943451,0.0,0.0,52.11
0.999813204465578,0.0,0.0,55.37
0.9998114921368109,0.0,0.0,59.45
0.9998097798080438,0.0,0.0,64.16
0.9998080674792766,0.0,0.0,65.81
0.9998063551505095,0.0,0.0,61.3
0.9998046428217424,0.0,0.0,53.35
0.9998029304929753,0.0,0.0,49.48
0.9998012181642082,0.0,0.0,51.21
0.9997995058354411,0.0,0.0,47.67
0.999797793506674,0.0,0.0,45.59
0.9997960811779069,0.0,0.0,42.7
0.9997943688491397,0.0,0.0,34.19
0.9997926565203726,0.0,0.0,30.23
0.9997909441916055,0.0,0.0,26.7
0.9997892318628384,0.0,0.0,25.07
0.9997875195340713,0.0,0.0,24.9
0.9997858072053042,0.0,0.0,27.72
0.9997840948765371,0.0,0.0,31.37
0.99978238254777,0.0,0.0,41.35
0.9997806702190029,0.0,0.0,42.75
0.9997789578902357,0.0,0.0,44.08
0.9997772455614686,0.0,0.0,45.63
0.9997755332327015,0.0,0.0,47.65
0.9997738209039344,0.0,0.0,49.4
0.9997721085751673,0.0,0.0,54.07
0.9997703962464002,0.0,0.0,62.2
0.9997686839176331,0.0,0.0,68.94
0.999766971588866,0.0,0.0,64.38
0.9997652592600988,0.0,0.0,60.75
0.9997635469313317,0.0,0.0,50.36
0.9997618346025646,0.0,0.0,50.18
0.9997601222737975,0.0,0.0,48.16
0.9997584099450304,0.0,0.0,46.63
0.9997566976162633,0.0,0.0,43.04
0.9997549852874962,0.0,0.0,38.88
0.9997532729587291,0.0,0.0,31.93
0.999751560629962,0.0,0.0,29.12
0.9997498483011948,0.0,0.0,25.15
0.9997481359724277,0.0,0.0,22.74
0.9997464236436606,0.0,0.0,21.91
0.9997447113148935,0.0,0.0,22.03
0.9997429989861264,0.0,0.0,24.49
0.9997412866573593,0.0,0.0,28.08
0.9997395743285922,0.0,0.0,31.81
0.9997378619998251,0.0,0.0,39.36
0.999736149671058,0.0,0.0,43.69
0.9997344373422908,0.0,0.0,45.32
0.9997327250135237,0.0,0.0,46.79
0.9997310126847566,0.0,0.0,49.25
0.9997293003559895,0.0,0.0,51.07
0.9997275880272224,0.0,0.0,52.67
0.9997258756984553,0.0,0.0,55.98
0.9997241633696882,0.0,0.0,57.95
0.9997224510409211,0.0,0.0,50.01
0.999720738712154,0.0,0.0,46.96
0.9997190263833868,0.0,0.0,48.18
0.9997173140546197,0.0,0.0,46.16
0.9997156017258526,0.0,0.0,45.02
0.9997138893970855,0.0,0.0,42.3
0.9997121770683184,0.0,0.0,33.43
0.9997104647395513,0.0,0.0,29.55
0.9997087524107842,0.0,0.0,26.7
0.999707040082017,0.0,0.0,24.47
0.9997053277532499,0.0,0.0,22.61
0.9997036154244828,0.0,0.0,23.31
0.9997019030957157,0.0,0.0,23.35
0.9997001907669486,0.0,0.0,27.15
0.9996984784381815,0.0,0.0,29.51
0.9996967661094144,0.0,0.0,38.58
0.9996950537806473,0.0,0.0,43.36
0.9996933414518802,0.0,0.0,44.09
0.999691629123113,0.0,0.0,46.01
0.9996899167943459,0.0,0.0,47.47
0.9996882044655788,0.0,0.0,50.66
0.9996864921368117,0.0,0.0,51.96
0.9996847798080446,0.0,0.0,56.41
0.9996830674792775,0.0,0.0,53.31
0.9996813551505104,0.0,0.0,48.95
0.9996796428217433,0.0,0.0,47.57
0.9996779304929762,0.0,0.0,50.15
0.999676218164209,0.0,0.0,47.71
0.9996745058354419,0.0,0.0,43.45
0.9996727935066748,0.0,0.0,40.13
0.9996710811779077,0.0,0.0,30.82
0.9996693688491406,0.0,0.0,28.71
0.9996676565203735,0.0,0.0,27.03
0.9996659441916064,0.0,0.0,25.61
0.9996642318628393,0.0,0.0,25.87
0.9996625195340721,0.0,0.0,28.3
0.999660807205305,0.0,0.0,32.55
0.9996590948765379,0.0,0.0,37.07
0.9996573825477708,0.0,0.0,39.83
0.9996556702190037,0.0,0.0,44.61
0.9996539578902366,0.0,0.0,47.77
0.9996522455614695,0.0,0.0,54.44
0.9996505332327024,0.0,0.0,58.38
0.9996488209039353,0.0,0.0,67.03
0.9996471085751681,0.0,0.0,80.0
0.999645396246401,0.0,0.0,82.02
0.9996436839176339,0.0,0.0,80.25
0.9996419715888668,0.0,0.0,79.84
0.9996402592600997,0.0,0.0,54.48
0.9996385469313326,0.0,0.0,51.16
0.9996368346025655,0.0,0.0,51.24
0.9996351222737984,0.0,0.0,49.5
0.9996334099450312,0.0,0.0,44.57
0.9996316976162641,0.0,0.0,39.13
0.999629985287497,0.0,0.0,30.32
0.9996282729587299,0.0,0.0,27.64
0.9996265606299628,0.0,0.0,24.66
0.9996248483011957,0.0,0.0,23.65
0.9996231359724286,0.0,0.0,23.55
0.9996214236436615,0.0,0.0,26.63
0.9996197113148944,0.0,0.0,30.2
0.9996179989861272,0.0,0.0,35.15
0.9996162866573601,0.0,0.0,40.11
0.999614574328593,0.0,0.0,42.25
0.9996128619998259,0.0,0.0,46.4
0.9996111496710588,0.0,0.0,49.19
0.9996094373422917,0.0,0.0,55.77
0.9996077250135246,0.0,0.0,61.9
0.9996060126847575,0.0,0.0,66.98
0.9996043003559903,0.0,0.0,71.84
0.9996025880272232,0.0,0.0,74.6
0.9996008756984561,0.0,0.0,70.16
0.999599163369689,0.0,0.0,60.33
0.9995974510409219,0.0,0.0,52.15
0.9995957387121548,0.0,0.0,49.81
0.9995940263833877,0.0,0.0,50.07
0.9995923140546206,0.0,0.0,42.58
0.9995906017258535,0.0,0.0,37.93
0.9995888893970863,0.0,0.0,28.55
0.9995871770683192,0.0,0.0,25.49
0.9995854647395521,0.0,0.0,22.52
0.999583752410785,0.0,0.0,21.48
0.9995820400820179,0.0,0.0,21.62
0.9995803277532508,0.0,0.0,24.11
0.9995786154244837,0.0,0.0,28.78
0.9995769030957166,0.0,0.0,34.46
0.9995751907669495,0.0,0.0,39.58
0.9995734784381823,0.0,0.0,40.72
0.9995717661094152,0.0,0.0,43.76
0.9995700537806481,0.0,0.0,48.79
0.999568341451881,0.0,0.0,50.95
0.9995666291231139,0.0,0.0,54.6
0.9995649167943468,0.0,0.0,63.84
0.9995632044655797,0.0,0.0,67.81
0.9995614921368126,0.0,0.0,66.33
0.9995597798080454,0.0,0.0,60.58
0.9995580674792783,0.0,0.0,50.5
0.9995563551505112,0.0,0.0,47.97
0.9995546428217441,0.0,0.0,47.31
0.999552930492977,0.0,0.0,46.01
0.9995512181642099,0.0,0.0,41.49
0.9995495058354428,0.0,0.0,35.92
0.9995477935066757,0.0,0.0,29.98
0.9995460811779086,0.0,0.0,26.4
0.9995443688491414,0.0,0.0,23.61
0.9995426565203743,0.0,0.0,22.1
0.9995409441916072,0.0,0.0,22.34
0.9995392318628401,0.0,0.0,24.63
0.999537519534073,0.0,0.0,28.22
0.9995358072053059,0.0,0.0,34.17
0.9995340948765388,0.0,0.0,39.13
0.9995323825477717,0.0,0.0,41.09
0.9995306702190045,0.0,0.0,45.87
0.9995289578902374,0.0,0.0,47.9
0.9995272455614703,0.0,0.0,50.17
0.9995255332327032,0.0,0.0,52.41
0.9995238209039361,0.0,0.0,58.03
0.999522108575169,0.0,0.0,64.85
0.9995203962464019,0.0,0.0,68.39
0.9995186839176348,0.0,0.0,55.69
0.9995169715888677,0.0,0.0,51.13
0.9995152592601005,0.0,0.0,45.86
0.9995135469313334,0.0,0.0,44.66
0.9995118346025663,0.0,0.0,43.15
0.9995101222737992,0.0,0.0,39.03
0.9995084099450321,0.0,0.0,34.19
0.999506697616265,0.0,0.0,28.43
0.9995049852874979,0.0,0.0,26.09
0.9995032729587308,0.0,0.0,22.66
0.9995015606299636,0.0,0.0,21.39
0.9994998483011965,0.0,0.0,22.21
0.9994981359724294,0.0,0.0,24.81
0.9994964236436623,0.0,0.0,27.58
0.9994947113148952,0.0,0.0,31.97
0.9994929989861281,0.0,0.0,35.53
0.999491286657361,0.0,0.0,39.54
0.9994895743285939,0.0,0.0,41.76
0.9994878619998268,0.0,0.0,44.87
0.9994861496710596,0.0,0.0,48.32
0.9994844373422925,0.0,0.0,50.6
0.9994827250135254,0.0,0.0,55.62
0.9994810126847583,0.0,0.0,60.07
0.9994793003559912,0.0,0.0,65.13
0.9994775880272241,0.0,0.0,56.58
0.999475875698457,0.0,0.0,48.38
0.9994741633696899,0.0,0.0,43.37
0.9994724510409227,0.0,0.0,43.4
0.9994707387121556,0.0,0.0,43.52
0.9994690263833885,0.0,0.0,40.85
0.9994673140546214,0.0,0.0,37.28
0.9994656017258543,0.0,0.0,29.95
0.9994638893970872,0.0,0.0,27.65
0.9994621770683201,0.0,0.0,24.25
0.999460464739553,0.0,0.0,22.26
0.9994587524107859,0.0,0.0,21.94
0.9994570400820187,0.0,0.0,21.88
0.9994553277532516,0.0,0.0,22.36
0.9994536154244845,0.0,0.0,26.34
0.9994519030957174,0.0,0.0,31.85
0.9994501907669503,0.0,0.0,36.79
0.9994484784381832,0.0,0.0,39.53
0.9994467661094161,0.0,0.0,41.9
0.999445053780649,0.0,0.0,43.89
0.9994433414518819,0.0,0.0,46.14
0.9994416291231147,0.0,0.0,50.29
0.9994399167943476,0.0,0.0,53.89
0.9994382044655805,0.0,0.0,53.72
0.9994364921368134,0.0,0.0,50.49
0.9994347798080463,0.0,0.0,42.32
0.9994330674792792,0.0,0.0,39.8
0.9994313551505121,0.0,0.0,39.88
0.999429642821745,0.0,0.0,39.27
0.9994279304929778,0.0,0.0,37.55
0.9994262181642107,0.0,0.0,32.86
0.9994245058354436,0.0,0.0,29.84
0.9994227935066765,0.0,0.0,26.45
0.9994210811779094,0.0,0.0,22.97
0.9994193688491423,0.0,0.0,21.21
0.9994176565203752,0.0,0.0,20.08
0.9994159441916081,0.0,0.0,19.61
0.999414231862841,0.0,0.0,19.93
0.9994125195340738,0.0,0.0,22.45
0.9994108072053067,0.0,0.0,24.37
0.9994090948765396,0.0,0.0,28.82
0.9994073825477725,0.0,0.0,35.54
0.9994056702190054,0.0,0.0,37.69
0.9994039578902383,0.0,0.0,39.37
0.9994022455614712,0.0,0.0,40.83
0.9994005332327041,0.0,0.0,43.1
0.999398820903937,0.0,0.0,44.19
0.9993971085751698,0.0,0.0,44.85
0.9993953962464027,0.0,0.0,44.39
0.9993936839176356,0.0,0.0,40.87
0.9993919715888685,0.0,0.0,38.09
0.9993902592601014,0.0,0.0,39.53
0.9993885469313343,0.0,0.0,39.04
0.9993868346025672,0.0,0.0,34.98
0.9993851222738,0.0,0.0,31.04
0.9993834099450329,0.0,0.0,25.75
0.9993816976162658,0.0,0.0,23.02
0.9993799852874987,0.0,0.0,19.86
0.9993782729587316,0.0,0.0,19.0
0.9993765606299645,0.0,0.0,19.25
0.9993748483011974,0.0,0.0,20.13
0.9993731359724303,0.0,0.0,26.63
0.9993714236436632,0.0,0.0,28.18
0.999369711314896,0.0,0.0,30.56
0.9993679989861289,0.0,0.0,33.49
0.9993662866573618,0.0,0.0,37.69
0.9993645743285947,0.0,0.0,39.06
0.9993628619998276,0.0,0.0,42.13
0.9993611496710605,0.0,0.0,43.17
0.9993594373422934,0.0,0.0,45.31
0.9993577250135263,0.0,0.0,47.22
0.9993560126847592,0.0,0.0,48.44
0.999354300355992,0.0,0.0,46.11
0.9993525880272249,0.0,0.0,40.97
0.9993508756984578,0.0,0.0,40.1
0.9993491633696907,0.0,0.0,40.3
0.9993474510409236,0.0,0.0,39.22
0.9993457387121565,0.0,0.0,33.39
0.9993440263833894,0.0,0.0,28.12
0.9993423140546223,0.0,0.0,25.22
0.9993406017258551,0.0,0.0,22.01
0.999338889397088,0.0,0.0,18.7
0.9993371770683209,0.0,0.0,17.03
0.9993354647395538,0.0,0.0,17.62
0.9993337524107867,0.0,0.0,20.34
0.9993320400820196,0.0,0.0,24.94
0.9993303277532525,0.0,0.0,28.59
0.9993286154244854,0.0,0.0,31.59
0.9993269030957183,0.0,0.0,33.73
0.9993251907669511,0.0,0.0,38.38
0.999323478438184,0.0,0.0,40.83
0.9993217661094169,0.0,0.0,42.58
0.9993200537806498,0.0,0.0,44.04
0.9993183414518827,0.0,0.0,46.98
0.9993166291231156,0.0,0.0,47.83
0.9993149167943485,0.0,0.0,48.85
0.9993132044655814,0.0,0.0,45.33
0.9993114921368143,0.0,0.0,41.33
0.9993097798080471,0.0,0.0,39.8
0.99930806747928,0.0,0.0,39.69
0.9993063551505129,0.0,0.0,37.82
0.9993046428217458,0.0,0.0,32.61
0.9993029304929787,0.0,0.0,28.2
0.9993012181642116,0.0,0.0,26.39
0.9992995058354445,0.0,0.0,24.47
0.9992977935066774,0.0,0.0,22.84
0.9992960811779102,0.0,0.0,21.28
0.9992943688491431,0.0,0.0,22.12
0.999292656520376,0.0,0.0,23.83
0.9992909441916089,0.0,0.0,27.87
0.9992892318628418,0.0,0.0,31.99
0.9992875195340747,0.0,0.0,35.0
0.9992858072053076,0.0,0.0,36.71
0.9992840948765405,0.0,0.0,39.4
0.9992823825477734,0.0,0.0,42.35
0.9992806702190062,0.0,0.0,45.26
0.9992789578902391,0.0,0.0,46.34
0.999277245561472,0.0,0.0,47.79
0.9992755332327049,0.0,0.0,49.81
0.9992738209039378,0.0,0.0,51.44
0.9992721085751707,0.0,0.0,48.02
0.9992703962464036,0.0,0.0,43.12
0.9992686839176365,0.0,0.0,41.58
0.9992669715888693,0.0,0.0,40.72
0.9992652592601022,0.0,0.0,41.1
0.9992635469313351,0.0,0.0,36.39
0.999261834602568,0.0,0.0,31.09
0.9992601222738009,0.0,0.0,29.43
0.9992584099450338,0.0,0.0,26.52
0.9992566976162667,0.0,0.0,24.44
0.9992549852874996,0.0,0.0,23.32
0.9992532729587325,0.0,0.0,23.66
0.9992515606299653,0.0,0.0,26.55
0.9992498483011982,0.0,0.0,29.96
0.9992481359724311,0.0,0.0,33.65
0.999246423643664,0.0,0.0,36.16
0.9992447113148969,0.0,0.0,39.4
0.9992429989861298,0.0,0.0,44.58
0.9992412866573627,0.0,0.0,46.35
0.9992395743285956,0.0,0.0,49.14
0.9992378619998284,0.0,0.0,53.15
0.9992361496710613,0.0,0.0,56.48
0.9992344373422942,0.0,0.0,62.81
0.9992327250135271,0.0,0.0,64.54
0.99923101268476,0.0,0.0,57.27
0.9992293003559929,0.0,0.0,48.62
0.9992275880272258,0.0,0.0,45.03
0.9992258756984587,0.0,0.0,45.14
0.9992241633696916,0.0,0.0,43.43
0.9992224510409244,0.0,0.0,40.81
0.9992207387121573,0.0,0.0,35.92
0.9992190263833902,0.0,0.0,32.69
0.9992173140546231,0.0,0.0,29.37
0.999215601725856,0.0,0.0,26.74
0.9992138893970889,0.0,0.0,26.05
0.9992121770683218,0.0,0.0,25.98
0.9992104647395547,0.0,0.0,28.15
0.9992087524107875,0.0,0.0,32.31
0.9992070400820204,0.0,0.0,36.68
0.9992053277532533,0.0,0.0,38.41
0.9992036154244862,0.0,0.0,42.54
0.9992019030957191,0.0,0.0,45.29
0.999200190766952,0.0,0.0,49.04
0.9991984784381849,0.0,0.0,51.05
0.9991967661094178,0.0,0.0,59.72
0.9991950537806507,0.0,0.0,64.74
0.9991933414518835,0.0,0.0,68.9
0.9991916291231164,0.0,0.0,67.72
0.9991899167943493,0.0,0.0,59.85
0.9991882044655822,0.0,0.0,50.96
0.9991864921368151,0.0,0.0,46.4
0.999184779808048,0.0,0.0,45.93
0.9991830674792809,0.0,0.0,41.6
0.9991813551505138,0.0,0.0,38.76
0.9991796428217466,0.0,0.0,36.52
0.9991779304929795,0.0,0.0,33.95
0.9991762181642124,0.0,0.0,29.99
0.9991745058354453,0.0,0.0,26.79
0.9991727935066782,0.0,0.0,25.1
0.9991710811779111,0.0,0.0,23.35
0.999169368849144,0.0,0.0,23.21
0.9991676565203769,0.0,0.0,24.32
0.9991659441916098,0.0,0.0,27.77
0.9991642318628426,0.0,0.0,34.81
0.9991625195340755,0.0,0.0,38.59
0.9991608072053084,0.0,0.0,39.79
0.9991590948765413,0.0,0.0,45.06
0.9991573825477742,0.0,0.0,46.72
0.9991556702190071,0.0,0.0,48.43
0.99915395789024,0.0,0.0,51.5
0.9991522455614729,0.0,0.0,53.85
0.9991505332327058,0.0,0.0,55.54
0.9991488209039386,0.0,0.0,52.65
0.9991471085751715,0.0,0.0,46.17
0.9991453962464044,0.0,0.0,43.0
0.9991436839176373,0.0,0.0,44.0
0.9991419715888702,0.0,0.0,42.34
0.9991402592601031,0.0,0.0,39.76
0.999138546931336,0.0,0.0,35.84
0.9991368346025689,0.0,0.0,35.4
0.9991351222738017,0.0,0.0,31.19
0.9991334099450346,0.0,0.0,26.8
0.9991316976162675,0.0,0.0,25.2
0.9991299852875004,0.0,0.0,23.57
0.9991282729587333,0.0,0.0,23.15
0.9991265606299662,0.0,0.0,23.53
0.9991248483011991,0.0,0.0,26.23
0.999123135972432,0.0,0.0,31.57
0.9991214236436649,0.0,0.0,34.86
0.9991197113148977,0.0,0.0,38.49
0.9991179989861306,0.0,0.0,43.5
0.9991162866573635,0.0,0.0,45.46
0.9991145743285964,0.0,0.0,48.06
0.9991128619998293,0.0,0.0,50.38
0.9991111496710622,0.0,0.0,52.88
0.9991094373422951,0.0,0.0,55.79
0.999107725013528,0.0,0.0,55.48
0.9991060126847608,0.0,0.0,48.6
0.9991043003559937,0.0,0.0,45.41
0.9991025880272266,0.0,0.0,45.84
0.9991008756984595,0.0,0.0,42.38
0.9990991633696924,0.0,0.0,38.61
0.9990974510409253,0.0,0.0,34.47
0.9990957387121582,0.0,0.0,32.19
0.9990940263833911,0.0,0.0,27.22
0.999092314054624,0.0,0.0,25.64
0.9990906017258568,0.0,0.0,23.92
0.9990888893970897,0.0,0.0,23.91
0.9990871770683226,0.0,0.0,26.37
0.9990854647395555,0.0,0.0,29.21
0.9990837524107884,0.0,0.0,35.19
0.9990820400820213,0.0,0.0,37.53
0.9990803277532542,0.0,0.0,40.36
0.9990786154244871,0.0,0.0,43.64
0.99907690309572,0.0,0.0,45.83
0.9990751907669528,0.0,0.0,48.88
0.9990734784381857,0.0,0.0,51.11
0.9990717661094186,0.0,0.0,58.47
0.9990700537806515,0.0,0.0,67.69
0.9990683414518844,0.0,0.0,70.84
0.9990666291231173,0.0,0.0,59.64
0.9990649167943502,0.0,0.0,49.62
0.999063204465583,0.0,0.0,46.64
0.9990614921368159,0.0,0.0,45.67
0.9990597798080488,0.0,0.0,44.15
0.9990580674792817,0.0,0.0,39.56
0.9990563551505146,0.0,0.0,34.87
0.9990546428217475,0.0,0.0,33.08
0.9990529304929804,0.0,0.0,28.28
0.9990512181642133,0.0,0.0,25.95
0.9990495058354462,0.0,0.0,24.36
0.999047793506679,0.0,0.0,24.8
0.9990460811779119,0.0,0.0,27.19
0.9990443688491448,0.0,0.0,31.9
0.9990426565203777,0.0,0.0,37.1
0.9990409441916106,0.0,0.0,37.95
0.9990392318628435,0.0,0.0,41.66
0.9990375195340764,0.0,0.0,44.81
0.9990358072053093,0.0,0.0,48.75
0.9990340948765422,0.0,0.0,53.17
0.999032382547775,0.0,0.0,58.71
0.9990306702190079,0.0,0.0,63.73
0.9990289578902408,0.0,0.0,67.95
0.9990272455614737,0.0,0.0,71.0
0.9990255332327066,0.0,0.0,60.47
0.9990238209039395,0.0,0.0,50.07
0.9990221085751724,0.0,0.0,46.21
0.9990203962464053,0.0,0.0,47.48
0.9990186839176382,0.0,0.0,44.06
0.999016971588871,0.0,0.0,38.96
0.9990152592601039,0.0,0.0,35.03
0.9990135469313368,0.0,0.0,31.43
0.9990118346025697,0.0,0.0,27.27
0.9990101222738026,0.0,0.0,24.46
0.9990084099450355,0.0,0.0,22.69
0.9990066976162684,0.0,0.0,22.95
0.9990049852875013,0.0,0.0,25.5
0.9990032729587341,0.0,0.0,28.85
0.999001560629967,0.0,0.0,30.81
0.9989998483011999,0.0,0.0,33.22
0.9989981359724328,0.0,0.0,37.92
0.9989964236436657,0.0,0.0,40.16
0.9989947113148986,0.0,0.0,41.65
0.9989929989861315,0.0,0.0,43.74
0.9989912866573644,0.0,0.0,45.94
0.9989895743285973,0.0,0.0,47.18
0.9989878619998301,0.0,0.0,49.38
0.998986149671063,0.0,0.0,51.14
0.9989844373422959,0.0,0.0,48.08
0.9989827250135288,0.0,0.0,44.39
0.9989810126847617,0.0,0.0,42.4
0.9989793003559946,0.0,0.0,42.65
0.9989775880272275,0.0,0.0,40.96
0.9989758756984604,0.0,0.0,37.62
0.9989741633696932,0.0,0.0,32.05
0.9989724510409261,0.0,0.0,25.54
0.998970738712159,0.0,0.0,23.01
0.9989690263833919,0.0,0.0,20.89
0.9989673140546248,0.0,0.0,19.48
0.9989656017258577,0.0,0.0,19.92
0.9989638893970906,0.0,0.0,22.75
0.9989621770683235,0.0,0.0,25.66
0.9989604647395564,0.0,0.0,28.24
0.9989587524107892,0.0,0.0,31.02
0.9989570400820221,0.0,0.0,34.61
0.998955327753255,0.0,0.0,37.09
0.9989536154244879,0.0,0.0,38.2
0.9989519030957208,0.0,0.0,39.97
0.9989501907669537,0.0,0.0,41.8
0.9989484784381866,0.0,0.0,43.98
0.9989467661094195,0.0,0.0,45.01
0.9989450537806523,0.0,0.0,47.63
0.9989433414518852,0.0,0.0,46.09
0.9989416291231181,0.0,0.0,41.0
0.998939916794351,0.0,0.0,39.75
0.9989382044655839,0.0,0.0,40.49
0.9989364921368168,0.0,0.0,39.78
0.9989347798080497,0.0,0.0,33.96
0.9989330674792826,0.0,0.0,28.49
0.9989313551505155,0.0,0.0,24.42
0.9989296428217483,0.0,0.0,21.86
0.9989279304929812,0.0,0.0,20.59
0.9989262181642141,0.0,0.0,18.17
0.998924505835447,0.0,0.0,18.71
0.9989227935066799,0.0,0.0,21.42
0.9989210811779128,0.0,0.0,24.92
0.9989193688491457,0.0,0.0,28.41
0.9989176565203786,0.0,0.0,31.24
0.9989159441916114,0.0,0.0,34.9
0.9989142318628443,0.0,0.0,37.81
0.9989125195340772,0.0,0.0,39.7
0.9989108072053101,0.0,0.0,40.79
0.998909094876543,0.0,0.0,42.99
0.9989073825477759,0.0,0.0,44.64
0.9989056702190088,0.0,0.0,45.94
0.9989039578902417,0.0,0.0,47.76
0.9989022455614746,0.0,0.0,45.8
0.9989005332327074,0.0,0.0,41.01
0.9988988209039403,0.0,0.0,39.74
0.9988971085751732,0.0,0.0,40.47
0.9988953962464061,0.0,0.0,39.74
0.998893683917639,0.0,0.0,34.99
0.9988919715888719,0.0,0.0,28.75
0.9988902592601048,0.0,0.0,27.01
0.9988885469313377,0.0,0.0,23.84
0.9988868346025706,0.0,0.0,21.28
0.9988851222738034,0.0,0.0,18.9
0.9988834099450363,0.0,0.0,18.36
0.9988816976162692,0.0,0.0,19.14
0.9988799852875021,0.0,0.0,20.12
0.998878272958735,0.0,0.0,20.95
0.9988765606299679,0.0,0.0,26.76
0.9988748483012008,0.0,0.0,30.0
0.9988731359724337,0.0,0.0,36.39
0.9988714236436665,0.0,0.0,37.63
0.9988697113148994,0.0,0.0,39.18
0.9988679989861323,0.0,0.0,40.1
0.9988662866573652,0.0,0.0,40.76
0.9988645743285981,0.0,0.0,42.71
0.998862861999831,0.0,0.0,46.0
0.9988611496710639,0.0,0.0,45.7
0.9988594373422968,0.0,0.0,40.36
0.9988577250135297,0.0,0.0,38.82
0.9988560126847625,0.0,0.0,39.19
0.9988543003559954,0.0,0.0,39.11
0.9988525880272283,0.0,0.0,36.75
0.9988508756984612,0.0,0.0,28.48
0.9988491633696941,0.0,0.0,29.56
0.998847451040927,0.0,0.0,26.09
0.9988457387121599,0.0,0.0,23.31
0.9988440263833928,0.0,0.0,21.8
0.9988423140546256,0.0,0.0,20.37
0.9988406017258585,0.0,0.0,20.11
0.9988388893970914,0.0,0.0,19.92
0.9988371770683243,0.0,0.0,20.08
0.9988354647395572,0.0,0.0,23.04
0.9988337524107901,0.0,0.0,28.52
0.998832040082023,0.0,0.0,32.06
0.9988303277532559,0.0,0.0,36.92
0.9988286154244888,0.0,0.0,38.08
0.9988269030957216,0.0,0.0,39.02
0.9988251907669545,0.0,0.0,39.38
0.9988234784381874,0.0,0.0,40.35
0.9988217661094203,0.0,0.0,42.59
0.9988200537806532,0.0,0.0,42.03
0.9988183414518861,0.0,0.0,40.49
0.998816629123119,0.0,0.0,39.25
0.9988149167943519,0.0,0.0,41.96
0.9988132044655847,0.0,0.0,39.14
0.9988114921368176,0.0,0.0,36.89
0.9988097798080505,0.0,0.0,29.23
0.9988080674792834,0.0,0.0,32.91
0.9988063551505163,0.0,0.0,26.44
0.9988046428217492,0.0,0.0,24.67
0.9988029304929821,0.0,0.0,23.41
0.998801218164215,0.0,0.0,24.11
0.9987995058354479,0.0,0.0,26.59
0.9987977935066807,0.0,0.0,30.0
0.9987960811779136,0.0,0.0,34.09
0.9987943688491465,0.0,0.0,36.61
0.9987926565203794,0.0,0.0,38.87
0.9987909441916123,0.0,0.0,43.08
0.9987892318628452,0.0,0.0,45.01
0.9987875195340781,0.0,0.0,46.71
0.998785807205311,0.0,0.0,48.58
0.9987840948765438,0.0,0.0,52.84
0.9987823825477767,0.0,0.0,57.06
0.9987806702190096,0.0,0.0,69.81
0.9987789578902425,0.0,0.0,69.83
0.9987772455614754,0.0,0.0,51.86
0.9987755332327083,0.0,0.0,48.32
0.9987738209039412,0.0,0.0,50.56
0.9987721085751741,0.0,0.0,46.58
0.998770396246407,0.0,0.0,40.83
0.9987686839176398,0.0,0.0,34.21
0.9987669715888727,0.0,0.0,34.34
0.9987652592601056,0.0,0.0,27.65
0.9987635469313385,0.0,0.0,25.3
0.9987618346025714,0.0,0.0,24.0
0.9987601222738043,0.0,0.0,24.3
0.9987584099450372,0.0,0.0,27.56
0.9987566976162701,0.0,0.0,30.52
0.998754985287503,0.0,0.0,36.43
0.9987532729587358,0.0,0.0,38.76
0.9987515606299687,0.0,0.0,40.68
0.9987498483012016,0.0,0.0,46.53
0.9987481359724345,0.0,0.0,50.79
0.9987464236436674,0.0,0.0,54.29
0.9987447113149003,0.0,0.0,63.75
0.9987429989861332,0.0,0.0,74.47
0.9987412866573661,0.0,0.0,78.55
0.998739574328599,0.0,0.0,108.42
0.9987378619998318,0.0,0.0,88.41
0.9987361496710647,0.0,0.0,71.83
0.9987344373422976,0.0,0.0,56.47
0.9987327250135305,0.0,0.0,55.02
0.9987310126847634,0.0,0.0,48.13
0.9987293003559963,0.0,0.0,41.65
0.9987275880272292,0.0,0.0,38.08
0.998725875698462,0.0,0.0,37.99
0.9987241633696949,0.0,0.0,28.68
0.9987224510409278,0.0,0.0,25.51
0.9987207387121607,0.0,0.0,24.16
0.9987190263833936,0.0,0.0,24.44
0.9987173140546265,0.0,0.0,28.28
0.9987156017258594,0.0,0.0,31.88
0.9987138893970923,0.0,0.0,38.14
0.9987121770683252,0.0,0.0,40.67
0.998710464739558,0.0,0.0,43.65
0.9987087524107909,0.0,0.0,49.23
0.9987070400820238,0.0,0.0,68.38
0.9987053277532567,0.0,0.0,80.3
0.9987036154244896,0.0,0.0,119.89
0.9987019030957225,0.0,0.0,126.91
0.9987001907669554,0.0,0.0,139.82
0.9986984784381883,0.0,0.0,142.16
0.9986967661094212,0.0,0.0,122.49
0.998695053780654,0.0,0.0,74.61
0.9986933414518869,0.0,0.0,58.68
0.9986916291231198,0.0,0.0,58.57
0.9986899167943527,0.0,0.0,49.28
0.9986882044655856,0.0,0.0,44.02
0.9986864921368185,0.0,0.0,41.04
0.9986847798080514,0.0,0.0,35.78
0.9986830674792843,0.0,0.0,30.79
0.9986813551505171,0.0,0.0,24.62
0.99867964282175,0.0,0.0,24.28
0.9986779304929829,0.0,0.0,24.5
0.9986762181642158,0.0,0.0,27.05
0.9986745058354487,0.0,0.0,33.08
0.9986727935066816,0.0,0.0,36.72
0.9986710811779145,0.0,0.0,41.04
0.9986693688491474,0.0,0.0,44.53
0.9986676565203803,0.0,0.0,47.53
0.9986659441916131,0.0,0.0,52.92
0.998664231862846,0.0,0.0,64.35
0.9986625195340789,0.0,0.0,75.65
0.9986608072053118,0.0,0.0,90.64
0.9986590948765447,0.0,0.0,98.58
0.9986573825477776,0.0,0.0,103.69
0.9986556702190105,0.0,0.0,85.36
0.9986539578902434,0.0,0.0,58.88
0.9986522455614762,0.0,0.0,52.33
0.9986505332327091,0.0,0.0,54.92
0.998648820903942,0.0,0.0,47.48
0.9986471085751749,0.0,0.0,43.15
0.9986453962464078,0.0,0.0,39.12
0.9986436839176407,0.0,0.0,34.48
0.9986419715888736,0.0,0.0,29.62
0.9986402592601065,0.0,0.0,24.83
0.9986385469313394,0.0,0.0,23.46
0.9986368346025722,0.0,0.0,23.58
